nom,canonical_key,type,category,voie,severity,action
abémaciclib,abemaciclib,molecule_absente_hug,,,medium,conserver_CBIP_flag_source_unique
abémaciclib,abemaciclib,voie_cbip_seule,substrat,CYP3A4/5,medium,conserver_CBIP_confidence_medium
abiratérone,abiraterone,molecule_absente_hug,,,medium,conserver_CBIP_flag_source_unique
abiratérone,abiraterone,voie_cbip_seule,substrat,CYP3A4/5,medium,conserver_CBIP_confidence_medium
abiratérone,abiraterone,voie_cbip_seule,inhibiteur,CYP2C8,medium,conserver_CBIP_confidence_medium
abiratérone,abiraterone,voie_cbip_seule,inhibiteur,CYP2D6,medium,conserver_CBIP_confidence_medium
abrocitinib,abrocitinib,molecule_absente_hug,,,medium,conserver_CBIP_flag_source_unique
abrocitinib,abrocitinib,voie_cbip_seule,substrat,CYP2C19,medium,conserver_CBIP_confidence_medium
abrocitinib,abrocitinib,voie_cbip_seule,substrat,CYP2C9,medium,conserver_CBIP_confidence_medium
acalabrutinib,acalabrutinib,molecule_absente_hug,,,medium,conserver_CBIP_flag_source_unique
acalabrutinib,acalabrutinib,voie_cbip_seule,substrat,CYP3A4/5,medium,conserver_CBIP_confidence_medium
acalabrutinib,acalabrutinib,voie_cbip_seule,substrat,Pgp,medium,conserver_CBIP_confidence_medium
acalabrutinib,acalabrutinib,voie_cbip_seule,inhibiteur,CYP3A4/5,medium,conserver_CBIP_confidence_medium
acalabrutinib,acalabrutinib,voie_cbip_seule,inducteur,CYP1A2,medium,conserver_CBIP_confidence_medium
acénocoumarol,acenocoumarol,voie_hug_seule,substrat,CYP1A2,medium,flag_review_HUG_pdf
acénocoumarol,acenocoumarol,voie_hug_seule,substrat,CYP2C19,medium,flag_review_HUG_pdf
aciclovir,aciclovir,molecule_absente_hug,,,medium,conserver_CBIP_flag_source_unique
aciclovir,aciclovir,voie_cbip_seule,inhibiteur,CYP1A2,medium,conserver_CBIP_confidence_medium
acide fusidique,acide fusidique,molecule_absente_cbip,,,medium,conserver_HUG_flag_review
acide fusidique,acide fusidique,voie_hug_seule,inhibiteur,CYP2D6,medium,flag_review_HUG_pdf
acide fusidique,acide fusidique,voie_hug_seule,inhibiteur,CYP3A4/5,medium,flag_review_HUG_pdf
acide fusidique,acide fusidique,voie_hug_seule,inhibiteur,Pgp,medium,flag_review_HUG_pdf
acide méfénamique,acide mefenamique,molecule_absente_cbip,,,medium,conserver_HUG_flag_review
acide méfénamique,acide mefenamique,voie_hug_seule,substrat,CYP2C9,medium,flag_review_HUG_pdf
acide valproïque,acide valproique,voie_cbip_seule,substrat,CYP2C19,low,conserver_CBIP_confidence_medium
acide valproïque,acide valproique,voie_hug_seule,inhibiteur,CYP2C9,medium,flag_review_HUG_pdf
afatinib,afatinib,molecule_absente_hug,,,medium,conserver_CBIP_flag_source_unique
afatinib,afatinib,voie_cbip_seule,substrat,Pgp,medium,conserver_CBIP_confidence_medium
agomélatine,agomelatine,voie_hug_seule,substrat,CYP2C19,medium,flag_review_HUG_pdf
agomélatine,agomelatine,voie_hug_seule,substrat,CYP2C9,medium,flag_review_HUG_pdf
alectinib,alectinib,molecule_absente_hug,,,medium,conserver_CBIP_flag_source_unique
alectinib,alectinib,voie_cbip_seule,substrat,CYP3A4/5,medium,conserver_CBIP_confidence_medium
alfuzosine,alfuzosine,molecule_absente_hug,,,medium,conserver_CBIP_flag_source_unique
alfuzosine,alfuzosine,voie_cbip_seule,substrat,CYP3A4/5,medium,conserver_CBIP_confidence_medium
almotriptan,almotriptan,molecule_absente_hug,,,medium,conserver_CBIP_flag_source_unique
almotriptan,almotriptan,voie_cbip_seule,substrat,CYP2D6,medium,conserver_CBIP_confidence_medium
almotriptan,almotriptan,voie_cbip_seule,substrat,CYP3A4/5,medium,conserver_CBIP_confidence_medium
alpelisib,alpelisib,molecule_absente_hug,,,medium,conserver_CBIP_flag_source_unique
alpelisib,alpelisib,voie_cbip_seule,substrat,CYP3A4/5,medium,conserver_CBIP_confidence_medium
ambrisentan,ambrisentan,molecule_absente_hug,,,medium,conserver_CBIP_flag_source_unique
ambrisentan,ambrisentan,voie_cbip_seule,substrat,CYP2C19,medium,conserver_CBIP_confidence_medium
ambrisentan,ambrisentan,voie_cbip_seule,substrat,CYP3A4/5,medium,conserver_CBIP_confidence_medium
ambrisentan,ambrisentan,voie_cbip_seule,substrat,Pgp,medium,conserver_CBIP_confidence_medium
amiodarone,amiodarone,voie_cbip_seule,substrat,CYP2C8,low,conserver_CBIP_confidence_medium
amiodarone,amiodarone,puissance_discordante,inhibiteur,CYP2C9,high,review_manuel_prioritaire
amiodarone,amiodarone,puissance_discordante,inhibiteur,CYP2D6,high,review_manuel_prioritaire
amiodarone,amiodarone,voie_hug_seule,inhibiteur,CYP1A2,medium,flag_review_HUG_pdf
amisulpride,amisulpride,molecule_absente_hug,,,medium,conserver_CBIP_flag_source_unique
amisulpride,amisulpride,voie_cbip_seule,substrat,Pgp,medium,conserver_CBIP_confidence_medium
amitriptyline,amitriptyline,voie_hug_seule,substrat,CYP2C19,medium,flag_review_HUG_pdf
amitriptyline,amitriptyline,voie_hug_seule,substrat,CYP2C9,medium,flag_review_HUG_pdf
amitriptyline,amitriptyline,voie_hug_seule,substrat,CYP3A4/5,medium,flag_review_HUG_pdf
amlodipine,amlodipine,voie_hug_seule,substrat,Pgp,medium,flag_review_HUG_pdf
anagrélide,anagrelide,molecule_absente_hug,,,medium,conserver_CBIP_flag_source_unique
anagrélide,anagrelide,voie_cbip_seule,substrat,CYP1A2,medium,conserver_CBIP_confidence_medium
anastrozole,anastrozole,molecule_absente_hug,,,medium,conserver_CBIP_flag_source_unique
anastrozole,anastrozole,voie_cbip_seule,substrat,CYP3A4/5,medium,conserver_CBIP_confidence_medium
apalutamide,apalutamide,molecule_absente_hug,,,medium,conserver_CBIP_flag_source_unique
apalutamide,apalutamide,voie_cbip_seule,inducteur,CYP2C19,medium,conserver_CBIP_confidence_medium
apalutamide,apalutamide,voie_cbip_seule,inducteur,CYP2C9,medium,conserver_CBIP_confidence_medium
apalutamide,apalutamide,voie_cbip_seule,inducteur,CYP3A4/5,medium,conserver_CBIP_confidence_medium
aprémilast,apremilast,molecule_absente_hug,,,medium,conserver_CBIP_flag_source_unique
aprémilast,apremilast,voie_cbip_seule,substrat,CYP3A4/5,medium,conserver_CBIP_confidence_medium
aprépitant,aprepitant,molecule_absente_hug,,,medium,conserver_CBIP_flag_source_unique
aprépitant,aprepitant,voie_cbip_seule,substrat,CYP3A4/5,medium,conserver_CBIP_confidence_medium
aprépitant,aprepitant,voie_cbip_seule,inhibiteur,CYP3A4/5,medium,conserver_CBIP_confidence_medium
aprépitant,aprepitant,voie_cbip_seule,inducteur,CYP2C9,medium,conserver_CBIP_confidence_medium
aprépitant,aprepitant,voie_cbip_seule,inducteur,CYP3A4/5,medium,conserver_CBIP_confidence_medium
aripiprazole,aripiprazole,voie_hug_seule,substrat,Pgp,medium,flag_review_HUG_pdf
artéméther,artemether,voie_hug_seule,substrat,CYP2B6,medium,flag_review_HUG_pdf
asciminib,asciminib,molecule_absente_hug,,,medium,conserver_CBIP_flag_source_unique
asciminib,asciminib,voie_cbip_seule,substrat,CYP3A4/5,medium,conserver_CBIP_confidence_medium
asciminib,asciminib,voie_cbip_seule,inhibiteur,CYP2C9,medium,conserver_CBIP_confidence_medium
asciminib,asciminib,voie_cbip_seule,inhibiteur,CYP3A4/5,medium,conserver_CBIP_confidence_medium
asénapine,asenapine,molecule_absente_hug,,,medium,conserver_CBIP_flag_source_unique
asénapine,asenapine,voie_cbip_seule,substrat,CYP1A2,medium,conserver_CBIP_confidence_medium
atazanavir,atazanavir,puissance_discordante,inhibiteur,CYP3A4/5,high,review_manuel_prioritaire
atazanavir,atazanavir,voie_hug_seule,inhibiteur,CYP1A2,medium,flag_review_HUG_pdf
atazanavir,atazanavir,voie_hug_seule,inhibiteur,CYP2C9,medium,flag_review_HUG_pdf
atazanavir,atazanavir,voie_hug_seule,inhibiteur,Pgp,medium,flag_review_HUG_pdf
atogépant,atogepant,molecule_absente_hug,,,medium,conserver_CBIP_flag_source_unique
atogépant,atogepant,voie_cbip_seule,substrat,CYP3A4/5,medium,conserver_CBIP_confidence_medium
atogépant,atogepant,voie_cbip_seule,substrat,Pgp,medium,conserver_CBIP_confidence_medium
avanafil,avanafil,molecule_absente_hug,,,medium,conserver_CBIP_flag_source_unique
avanafil,avanafil,voie_cbip_seule,substrat,CYP3A4/5,medium,conserver_CBIP_confidence_medium
avatrombopag,avatrombopag,molecule_absente_hug,,,medium,conserver_CBIP_flag_source_unique
avatrombopag,avatrombopag,voie_cbip_seule,substrat,CYP2C9,medium,conserver_CBIP_confidence_medium
avatrombopag,avatrombopag,voie_cbip_seule,substrat,CYP3A4/5,medium,conserver_CBIP_confidence_medium
axitinib,axitinib,molecule_absente_hug,,,medium,conserver_CBIP_flag_source_unique
axitinib,axitinib,voie_cbip_seule,substrat,CYP3A4/5,medium,conserver_CBIP_confidence_medium
azithromycine,azithromycine,molecule_absente_hug,,,medium,conserver_CBIP_flag_source_unique
azithromycine,azithromycine,voie_cbip_seule,substrat,Pgp,medium,conserver_CBIP_confidence_medium
azithromycine,azithromycine,voie_cbip_seule,inhibiteur,Pgp,medium,conserver_CBIP_confidence_medium
bédaquiline,bedaquiline,molecule_absente_hug,,,medium,conserver_CBIP_flag_source_unique
bédaquiline,bedaquiline,voie_cbip_seule,substrat,CYP3A4/5,medium,conserver_CBIP_confidence_medium
bendamustine,bendamustine,molecule_absente_hug,,,medium,conserver_CBIP_flag_source_unique
bendamustine,bendamustine,voie_cbip_seule,substrat,CYP1A2,medium,conserver_CBIP_confidence_medium
bérotralstat,berotralstat,molecule_absente_hug,,,medium,conserver_CBIP_flag_source_unique
bérotralstat,berotralstat,voie_cbip_seule,substrat,Pgp,medium,conserver_CBIP_confidence_medium
bérotralstat,berotralstat,voie_cbip_seule,inhibiteur,CYP2D6,medium,conserver_CBIP_confidence_medium
bérotralstat,berotralstat,voie_cbip_seule,inhibiteur,CYP3A4/5,medium,conserver_CBIP_confidence_medium
bérotralstat,berotralstat,voie_cbip_seule,inhibiteur,Pgp,medium,conserver_CBIP_confidence_medium
bétaméthasone,betamethasone,molecule_absente_hug,,,medium,conserver_CBIP_flag_source_unique
bétaméthasone,betamethasone,voie_cbip_seule,substrat,CYP3A4/5,medium,conserver_CBIP_confidence_medium
bexarotène,bexarotene,molecule_absente_hug,,,medium,conserver_CBIP_flag_source_unique
bexarotène,bexarotene,voie_cbip_seule,substrat,CYP3A4/5,medium,conserver_CBIP_confidence_medium
bictégravir,bictegravir,molecule_absente_hug,,,medium,conserver_CBIP_flag_source_unique
bictégravir,bictegravir,voie_cbip_seule,substrat,CYP3A4/5,medium,conserver_CBIP_confidence_medium
binimétinib,binimetinib,molecule_absente_hug,,,medium,conserver_CBIP_flag_source_unique
binimétinib,binimetinib,voie_cbip_seule,substrat,Pgp,medium,conserver_CBIP_confidence_medium
bisoprolol,bisoprolol,molecule_absente_cbip,,,medium,conserver_HUG_flag_review
bisoprolol,bisoprolol,voie_hug_seule,substrat,CYP2D6,medium,flag_review_HUG_pdf
bisoprolol,bisoprolol,voie_hug_seule,substrat,CYP3A4/5,medium,flag_review_HUG_pdf
bisoprolol,bisoprolol,voie_hug_seule,substrat,Pgp,medium,flag_review_HUG_pdf
bortézomib,bortezomib,voie_hug_seule,substrat,CYP1A2,medium,flag_review_HUG_pdf
bortézomib,bortezomib,voie_hug_seule,substrat,CYP2C19,medium,flag_review_HUG_pdf
bortézomib,bortezomib,voie_hug_seule,substrat,CYP2D6,medium,flag_review_HUG_pdf
bortézomib,bortezomib,voie_hug_seule,substrat,Pgp,medium,flag_review_HUG_pdf
bosentan,bosentan,voie_hug_seule,substrat,Pgp,medium,flag_review_HUG_pdf
bosentan,bosentan,puissance_discordante,inducteur,CYP2C9,high,review_manuel_prioritaire
bosentan,bosentan,puissance_discordante,inducteur,CYP3A4/5,high,review_manuel_prioritaire
bosutinib,bosutinib,molecule_absente_hug,,,medium,conserver_CBIP_flag_source_unique
bosutinib,bosutinib,voie_cbip_seule,substrat,CYP3A4/5,medium,conserver_CBIP_confidence_medium
brentuximab védotine,brentuximab vedotine,molecule_absente_hug,,,medium,conserver_CBIP_flag_source_unique
brentuximab védotine,brentuximab vedotine,voie_cbip_seule,substrat,CYP3A4/5,medium,conserver_CBIP_confidence_medium
brentuximab védotine,brentuximab vedotine,voie_cbip_seule,substrat,Pgp,medium,conserver_CBIP_confidence_medium
brigatinib,brigatinib,molecule_absente_hug,,,medium,conserver_CBIP_flag_source_unique
brigatinib,brigatinib,voie_cbip_seule,substrat,CYP3A4/5,medium,conserver_CBIP_confidence_medium
brivaracétam,brivaracetam,molecule_absente_hug,,,medium,conserver_CBIP_flag_source_unique
brivaracétam,brivaracetam,voie_cbip_seule,substrat,CYP2C19,medium,conserver_CBIP_confidence_medium
bromocriptine,bromocriptine,voie_hug_seule,substrat,Pgp,medium,flag_review_HUG_pdf
budésonide,budesonide,molecule_absente_hug,,,medium,conserver_CBIP_flag_source_unique
budésonide,budesonide,voie_cbip_seule,substrat,CYP3A4/5,medium,conserver_CBIP_confidence_medium
budésonide,budesonide,voie_cbip_seule,substrat,Pgp,medium,conserver_CBIP_confidence_medium
bupivacaïne,bupivacaine,molecule_absente_hug,,,medium,conserver_CBIP_flag_source_unique
bupivacaïne,bupivacaine,voie_cbip_seule,substrat,CYP3A4/5,medium,conserver_CBIP_confidence_medium
bupropion,bupropion,molecule_absente_cbip,,,medium,conserver_HUG_flag_review
bupropion,bupropion,voie_hug_seule,substrat,CYP2B6,medium,flag_review_HUG_pdf
bupropion,bupropion,voie_hug_seule,inhibiteur,CYP2D6,medium,flag_review_HUG_pdf
bupropione,bupropione,molecule_absente_hug,,,medium,conserver_CBIP_flag_source_unique
bupropione,bupropione,voie_cbip_seule,substrat,CYP2B6,medium,conserver_CBIP_confidence_medium
bupropione,bupropione,voie_cbip_seule,inhibiteur,CYP2D6,medium,conserver_CBIP_confidence_medium
cabazitaxel,cabazitaxel,molecule_absente_hug,,,medium,conserver_CBIP_flag_source_unique
cabazitaxel,cabazitaxel,voie_cbip_seule,substrat,CYP3A4/5,medium,conserver_CBIP_confidence_medium
cabergoline,cabergoline,molecule_absente_hug,,,medium,conserver_CBIP_flag_source_unique
cabergoline,cabergoline,voie_cbip_seule,substrat,CYP3A4/5,medium,conserver_CBIP_confidence_medium
cabozantinib,cabozantinib,molecule_absente_hug,,,medium,conserver_CBIP_flag_source_unique
cabozantinib,cabozantinib,voie_cbip_seule,substrat,CYP3A4/5,medium,conserver_CBIP_confidence_medium
caféine,cafeine,voie_hug_seule,substrat,CYP2E1,medium,flag_review_HUG_pdf
caféine,cafeine,voie_hug_seule,substrat,CYP3A4/5,medium,flag_review_HUG_pdf
caféine,cafeine,voie_cbip_seule,inhibiteur,CYP1A2,low,conserver_CBIP_confidence_medium
canagliflozine,canagliflozine,molecule_absente_hug,,,medium,conserver_CBIP_flag_source_unique
canagliflozine,canagliflozine,voie_cbip_seule,substrat,Pgp,medium,conserver_CBIP_confidence_medium
candésartan,candesartan,molecule_absente_hug,,,medium,conserver_CBIP_flag_source_unique
candésartan,candesartan,voie_cbip_seule,substrat,CYP2C9,medium,conserver_CBIP_confidence_medium
cannabidiol,cannabidiol,voie_hug_seule,inhibiteur,CYP1A2,medium,flag_review_HUG_pdf
cannabidiol,cannabidiol,voie_hug_seule,inhibiteur,CYP3A4/5,medium,flag_review_HUG_pdf
capécitabine,capecitabine,molecule_absente_hug,,,medium,conserver_CBIP_flag_source_unique
capécitabine,capecitabine,voie_cbip_seule,inhibiteur,CYP2C9,medium,conserver_CBIP_confidence_medium
capivasertib,capivasertib,molecule_absente_hug,,,medium,conserver_CBIP_flag_source_unique
capivasertib,capivasertib,voie_cbip_seule,substrat,CYP3A4/5,medium,conserver_CBIP_confidence_medium
capivasertib,capivasertib,voie_cbip_seule,inhibiteur,CYP3A4/5,medium,conserver_CBIP_confidence_medium
carbamazépine,carbamazepine,voie_cbip_seule,substrat,CYP2C8,low,conserver_CBIP_confidence_medium
carbamazépine,carbamazepine,voie_hug_seule,substrat,CYP1A2,medium,flag_review_HUG_pdf
carbamazépine,carbamazepine,voie_hug_seule,substrat,CYP2C9,medium,flag_review_HUG_pdf
carbamazépine,carbamazepine,puissance_discordante,inducteur,CYP1A2,high,review_manuel_prioritaire
carbamazépine,carbamazepine,puissance_discordante,inducteur,Pgp,high,review_manuel_prioritaire
carbamazépine,carbamazepine,voie_cbip_seule,inducteur,CYP2B6,low,conserver_CBIP_confidence_medium
cariprazine,cariprazine,molecule_absente_hug,,,medium,conserver_CBIP_flag_source_unique
cariprazine,cariprazine,voie_cbip_seule,substrat,CYP3A4/5,medium,conserver_CBIP_confidence_medium
carvédilol,carvedilol,voie_hug_seule,inhibiteur,Pgp,medium,flag_review_HUG_pdf
célécoxib,celecoxib,voie_hug_seule,substrat,CYP3A4/5,medium,flag_review_HUG_pdf
celiprolol,celiprolol,molecule_absente_cbip,,,medium,conserver_HUG_flag_review
celiprolol,celiprolol,voie_hug_seule,substrat,Pgp,medium,flag_review_HUG_pdf
cénobamate,cenobamate,molecule_absente_hug,,,medium,conserver_CBIP_flag_source_unique
cénobamate,cenobamate,voie_cbip_seule,inhibiteur,CYP2C19,medium,conserver_CBIP_confidence_medium
cénobamate,cenobamate,voie_cbip_seule,inducteur,CYP2B6,medium,conserver_CBIP_confidence_medium
cénobamate,cenobamate,voie_cbip_seule,inducteur,CYP3A4/5,medium,conserver_CBIP_confidence_medium
céritinib,ceritinib,molecule_absente_hug,,,medium,conserver_CBIP_flag_source_unique
céritinib,ceritinib,voie_cbip_seule,substrat,CYP3A4/5,medium,conserver_CBIP_confidence_medium
céritinib,ceritinib,voie_cbip_seule,substrat,Pgp,medium,conserver_CBIP_confidence_medium
céritinib,ceritinib,voie_cbip_seule,inhibiteur,CYP2C9,medium,conserver_CBIP_confidence_medium
céritinib,ceritinib,voie_cbip_seule,inhibiteur,CYP3A4/5,medium,conserver_CBIP_confidence_medium
cétirizine,cetirizine,molecule_absente_hug,,,medium,conserver_CBIP_flag_source_unique
cétirizine,cetirizine,voie_cbip_seule,substrat,Pgp,medium,conserver_CBIP_confidence_medium
chardon marie (silibinine),chardon marie (silibinine),molecule_absente_cbip,,,medium,conserver_HUG_flag_review
chardon marie (silibinine),chardon marie (silibinine),voie_hug_seule,inhibiteur,CYP2C8,medium,flag_review_HUG_pdf
chardon marie (silibinine),chardon marie (silibinine),voie_hug_seule,inhibiteur,CYP2C9,medium,flag_review_HUG_pdf
chardon marie (silibinine),chardon marie (silibinine),voie_hug_seule,inhibiteur,CYP3A4/5,medium,flag_review_HUG_pdf
chlormadinone,chlormadinone,molecule_absente_hug,,,medium,conserver_CBIP_flag_source_unique
chlormadinone,chlormadinone,voie_cbip_seule,substrat,CYP3A4/5,medium,conserver_CBIP_confidence_medium
chloroquine,chloroquine,molecule_absente_cbip,,,medium,conserver_HUG_flag_review
chloroquine,chloroquine,voie_hug_seule,inhibiteur,CYP2C9,medium,flag_review_HUG_pdf
chloroquine,chloroquine,voie_hug_seule,inhibiteur,CYP2D6,medium,flag_review_HUG_pdf
chlorphénamine,chlorphenamine,molecule_absente_hug,,,medium,conserver_CBIP_flag_source_unique
chlorphénamine,chlorphenamine,voie_cbip_seule,substrat,CYP3A4/5,medium,conserver_CBIP_confidence_medium
chlorphéniramine,chlorpheniramine,molecule_absente_cbip,,,medium,conserver_HUG_flag_review
chlorphéniramine,chlorpheniramine,voie_hug_seule,substrat,CYP2D6,medium,flag_review_HUG_pdf
chlorpromazine,chlorpromazine,molecule_absente_cbip,,,medium,conserver_HUG_flag_review
chlorpromazine,chlorpromazine,voie_hug_seule,inhibiteur,CYP2D6,medium,flag_review_HUG_pdf
ciclosporine,ciclosporine,voie_hug_seule,inhibiteur,CYP3A4/5,medium,flag_review_HUG_pdf
cinacalcet,cinacalcet,molecule_absente_hug,,,medium,conserver_CBIP_flag_source_unique
cinacalcet,cinacalcet,voie_cbip_seule,inhibiteur,CYP2D6,medium,conserver_CBIP_confidence_medium
ciprofloxacine,ciprofloxacine,puissance_discordante,inhibiteur,CYP1A2,high,review_manuel_prioritaire
citalopram,citalopram,voie_hug_seule,substrat,CYP2D6,medium,flag_review_HUG_pdf
citalopram,citalopram,voie_hug_seule,substrat,CYP3A4/5,medium,flag_review_HUG_pdf
clindamycine,clindamycine,molecule_absente_hug,,,medium,conserver_CBIP_flag_source_unique
clindamycine,clindamycine,voie_cbip_seule,substrat,CYP3A4/5,medium,conserver_CBIP_confidence_medium
clobazam,clobazam,voie_hug_seule,substrat,CYP2C19,medium,flag_review_HUG_pdf
clobazam,clobazam,voie_hug_seule,inhibiteur,CYP2C19,medium,flag_review_HUG_pdf
clobazam,clobazam,voie_hug_seule,inhibiteur,CYP3A4/5,medium,flag_review_HUG_pdf
clomipramine,clomipramine,voie_hug_seule,substrat,CYP2C19,medium,flag_review_HUG_pdf
clomipramine,clomipramine,voie_hug_seule,substrat,CYP3A4/5,medium,flag_review_HUG_pdf
clomipramine,clomipramine,voie_hug_seule,inhibiteur,CYP2D6,medium,flag_review_HUG_pdf
clonazépam,clonazepam,voie_cbip_seule,substrat,CYP2C8,low,conserver_CBIP_confidence_medium
clonidine,clonidine,molecule_absente_hug,,,medium,conserver_CBIP_flag_source_unique
clonidine,clonidine,voie_cbip_seule,substrat,CYP2D6,medium,conserver_CBIP_confidence_medium
clopidogrel,clopidogrel,voie_hug_seule,substrat,CYP1A2,medium,flag_review_HUG_pdf
clopidogrel,clopidogrel,voie_hug_seule,substrat,CYP2B6,medium,flag_review_HUG_pdf
clopidogrel,clopidogrel,puissance_discordante,inhibiteur,CYP2B6,high,review_manuel_prioritaire
clopidogrel,clopidogrel,voie_cbip_seule,inhibiteur,CYP2C8,low,conserver_CBIP_confidence_medium
clopidogrel,clopidogrel,voie_hug_seule,inhibiteur,CYP2C19,medium,flag_review_HUG_pdf
clopidogrel,clopidogrel,voie_hug_seule,inhibiteur,CYP2C9,medium,flag_review_HUG_pdf
clozapine,clozapine,voie_hug_seule,substrat,CYP2C19,medium,flag_review_HUG_pdf
clozapine,clozapine,voie_hug_seule,substrat,CYP2C9,medium,flag_review_HUG_pdf
clozapine,clozapine,voie_hug_seule,substrat,CYP3A4/5,medium,flag_review_HUG_pdf
clozapine,clozapine,voie_hug_seule,substrat,Pgp,medium,flag_review_HUG_pdf
co-trimoxazole,co-trimoxazole,molecule_absente_hug,,,medium,conserver_CBIP_flag_source_unique
co-trimoxazole,co-trimoxazole,voie_cbip_seule,substrat,CYP2C19,medium,conserver_CBIP_confidence_medium
co-trimoxazole,co-trimoxazole,voie_cbip_seule,substrat,CYP2C9,medium,conserver_CBIP_confidence_medium
co-trimoxazole,co-trimoxazole,voie_cbip_seule,substrat,CYP3A4/5,medium,conserver_CBIP_confidence_medium
co-trimoxazole,co-trimoxazole,voie_cbip_seule,inhibiteur,CYP2C8,medium,conserver_CBIP_confidence_medium
co-trimoxazole,co-trimoxazole,voie_cbip_seule,inhibiteur,CYP2C9,medium,conserver_CBIP_confidence_medium
cobicistat,cobicistat,molecule_absente_hug,,,medium,conserver_CBIP_flag_source_unique
cobicistat,cobicistat,voie_cbip_seule,substrat,CYP3A4/5,medium,conserver_CBIP_confidence_medium
cobicistat,cobicistat,voie_cbip_seule,inhibiteur,CYP2D6,medium,conserver_CBIP_confidence_medium
cobicistat,cobicistat,voie_cbip_seule,inhibiteur,CYP3A4/5,medium,conserver_CBIP_confidence_medium
cobimétinib,cobimetinib,molecule_absente_hug,,,medium,conserver_CBIP_flag_source_unique
cobimétinib,cobimetinib,voie_cbip_seule,substrat,CYP3A4/5,medium,conserver_CBIP_confidence_medium
cobimétinib,cobimetinib,voie_cbip_seule,substrat,Pgp,medium,conserver_CBIP_confidence_medium
cobisistat,cobisistat,molecule_absente_cbip,,,medium,conserver_HUG_flag_review
cobisistat,cobisistat,voie_hug_seule,substrat,CYP2D6,medium,flag_review_HUG_pdf
cobisistat,cobisistat,voie_hug_seule,substrat,CYP3A4/5,medium,flag_review_HUG_pdf
cobisistat,cobisistat,voie_hug_seule,inhibiteur,CYP3A4/5,medium,flag_review_HUG_pdf
cobisistat,cobisistat,voie_hug_seule,inhibiteur,Pgp,medium,flag_review_HUG_pdf
codéine,codeine,voie_hug_seule,substrat,CYP3A4/5,medium,flag_review_HUG_pdf
cortisol,cortisol,molecule_absente_cbip,,,medium,conserver_HUG_flag_review
cortisol,cortisol,voie_hug_seule,substrat,CYP3A4/5,medium,flag_review_HUG_pdf
cortisol,cortisol,voie_hug_seule,substrat,Pgp,medium,flag_review_HUG_pdf
crizotinib,crizotinib,molecule_absente_hug,,,medium,conserver_CBIP_flag_source_unique
crizotinib,crizotinib,voie_cbip_seule,substrat,CYP3A4/5,medium,conserver_CBIP_confidence_medium
crizotinib,crizotinib,voie_cbip_seule,inhibiteur,CYP3A4/5,medium,conserver_CBIP_confidence_medium
curcuma,curcuma,molecule_absente_cbip,,,medium,conserver_HUG_flag_review
curcuma,curcuma,voie_hug_seule,inhibiteur,CYP1A2,medium,flag_review_HUG_pdf
curcuma,curcuma,voie_hug_seule,inhibiteur,CYP2B6,medium,flag_review_HUG_pdf
curcuma,curcuma,voie_hug_seule,inhibiteur,CYP2C9,medium,flag_review_HUG_pdf
curcuma,curcuma,voie_hug_seule,inhibiteur,CYP2D6,medium,flag_review_HUG_pdf
curcuma,curcuma,voie_hug_seule,inhibiteur,CYP3A4/5,medium,flag_review_HUG_pdf
cyclophosphamide,cyclophosphamide,voie_hug_seule,substrat,CYP2C19,medium,flag_review_HUG_pdf
cyclophosphamide,cyclophosphamide,voie_hug_seule,substrat,CYP2C9,medium,flag_review_HUG_pdf
cyclophosphamide,cyclophosphamide,voie_hug_seule,inducteur,CYP2B6,medium,flag_review_HUG_pdf
cyclophosphamide,cyclophosphamide,voie_hug_seule,inducteur,CYP3A4/5,medium,flag_review_HUG_pdf
dabrafénib,dabrafenib,molecule_absente_hug,,,medium,conserver_CBIP_flag_source_unique
dabrafénib,dabrafenib,voie_cbip_seule,substrat,CYP2C8,medium,conserver_CBIP_confidence_medium
dabrafénib,dabrafenib,voie_cbip_seule,substrat,CYP3A4/5,medium,conserver_CBIP_confidence_medium
dabrafénib,dabrafenib,voie_cbip_seule,substrat,Pgp,medium,conserver_CBIP_confidence_medium
dabrafénib,dabrafenib,voie_cbip_seule,inducteur,CYP2C9,medium,conserver_CBIP_confidence_medium
dabrafénib,dabrafenib,voie_cbip_seule,inducteur,CYP3A4/5,medium,conserver_CBIP_confidence_medium
dacarbazine,dacarbazine,molecule_absente_hug,,,medium,conserver_CBIP_flag_source_unique
dacarbazine,dacarbazine,voie_cbip_seule,substrat,CYP1A2,medium,conserver_CBIP_confidence_medium
daclatasvir,daclatasvir,molecule_absente_cbip,,,medium,conserver_HUG_flag_review
daclatasvir,daclatasvir,voie_hug_seule,substrat,CYP3A4/5,medium,flag_review_HUG_pdf
daclatasvir,daclatasvir,voie_hug_seule,substrat,Pgp,medium,flag_review_HUG_pdf
daclatasvir,daclatasvir,voie_hug_seule,inhibiteur,Pgp,medium,flag_review_HUG_pdf
dapoxétine,dapoxetine,molecule_absente_hug,,,medium,conserver_CBIP_flag_source_unique
dapoxétine,dapoxetine,voie_cbip_seule,substrat,CYP2D6,medium,conserver_CBIP_confidence_medium
darifénacine,darifenacine,molecule_absente_hug,,,medium,conserver_CBIP_flag_source_unique
darifénacine,darifenacine,voie_cbip_seule,substrat,CYP2D6,medium,conserver_CBIP_confidence_medium
darifénacine,darifenacine,voie_cbip_seule,substrat,CYP3A4/5,medium,conserver_CBIP_confidence_medium
darolutamide,darolutamide,molecule_absente_hug,,,medium,conserver_CBIP_flag_source_unique
darolutamide,darolutamide,voie_cbip_seule,substrat,CYP3A4/5,medium,conserver_CBIP_confidence_medium
darolutamide,darolutamide,voie_cbip_seule,substrat,Pgp,medium,conserver_CBIP_confidence_medium
darunavir,darunavir,voie_hug_seule,substrat,Pgp,medium,flag_review_HUG_pdf
darunavir,darunavir,puissance_discordante,inhibiteur,CYP3A4/5,high,review_manuel_prioritaire
dasatinib,dasatinib,voie_hug_seule,inhibiteur,CYP2C8,medium,flag_review_HUG_pdf
dasatinib,dasatinib,voie_hug_seule,inhibiteur,CYP3A4/5,medium,flag_review_HUG_pdf
daunorubicine,daunorubicine,molecule_absente_hug,,,medium,conserver_CBIP_flag_source_unique
daunorubicine,daunorubicine,voie_cbip_seule,substrat,Pgp,medium,conserver_CBIP_confidence_medium
déférasirox,deferasirox,molecule_absente_hug,,,medium,conserver_CBIP_flag_source_unique
déférasirox,deferasirox,voie_cbip_seule,substrat,CYP1A2,medium,conserver_CBIP_confidence_medium
déférasirox,deferasirox,voie_cbip_seule,inhibiteur,CYP1A2,medium,conserver_CBIP_confidence_medium
déférasirox,deferasirox,voie_cbip_seule,inhibiteur,CYP2C8,medium,conserver_CBIP_confidence_medium
desfésotérodine,desfesoterodine,molecule_absente_hug,,,medium,conserver_CBIP_flag_source_unique
desfésotérodine,desfesoterodine,voie_cbip_seule,substrat,CYP3A4/5,medium,conserver_CBIP_confidence_medium
desloratadine,desloratadine,molecule_absente_hug,,,medium,conserver_CBIP_flag_source_unique
desloratadine,desloratadine,voie_cbip_seule,substrat,Pgp,medium,conserver_CBIP_confidence_medium
désogestrel,desogestrel,voie_hug_seule,substrat,CYP2C19,medium,flag_review_HUG_pdf
désogestrel,desogestrel,voie_hug_seule,substrat,CYP2C9,medium,flag_review_HUG_pdf
désogestrel,desogestrel,voie_hug_seule,inhibiteur,CYP2C19,medium,flag_review_HUG_pdf
désogestrel,desogestrel,voie_hug_seule,inhibiteur,CYP3A4/5,medium,flag_review_HUG_pdf
désogestrel,desogestrel,voie_hug_seule,inhibiteur,Pgp,medium,flag_review_HUG_pdf
dexaméthasone,dexamethasone,voie_hug_seule,inducteur,CYP2B6,medium,flag_review_HUG_pdf
dexaméthasone,dexamethasone,voie_hug_seule,inducteur,CYP2C19,medium,flag_review_HUG_pdf
dexaméthasone,dexamethasone,voie_hug_seule,inducteur,CYP2C8,medium,flag_review_HUG_pdf
dexaméthasone,dexamethasone,voie_hug_seule,inducteur,CYP2C9,medium,flag_review_HUG_pdf
dexaméthasone,dexamethasone,voie_hug_seule,inducteur,CYP3A4/5,medium,flag_review_HUG_pdf
dexaméthasone,dexamethasone,voie_hug_seule,inducteur,Pgp,medium,flag_review_HUG_pdf
dextrométhorphane,dextromethorphane,voie_hug_seule,substrat,CYP3A4/5,medium,flag_review_HUG_pdf
diazépam,diazepam,voie_hug_seule,substrat,CYP3A4/5,medium,flag_review_HUG_pdf
diclofénac,diclofenac,voie_hug_seule,substrat,CYP3A4/5,medium,flag_review_HUG_pdf
dihydrocodéine,dihydrocodeine,voie_hug_seule,substrat,CYP3A4/5,medium,flag_review_HUG_pdf
dihydroergotamine,dihydroergotamine,molecule_absente_hug,,,medium,conserver_CBIP_flag_source_unique
dihydroergotamine,dihydroergotamine,voie_cbip_seule,substrat,CYP3A4/5,medium,conserver_CBIP_confidence_medium
diltiazem,diltiazem,voie_hug_seule,substrat,CYP2D6,medium,flag_review_HUG_pdf
diltiazem,diltiazem,puissance_discordante,inhibiteur,CYP3A4/5,high,review_manuel_prioritaire
diphenhydramine,diphenhydramine,voie_hug_seule,substrat,CYP1A2,medium,flag_review_HUG_pdf
diphenhydramine,diphenhydramine,voie_hug_seule,substrat,CYP2C19,medium,flag_review_HUG_pdf
diphenhydramine,diphenhydramine,voie_hug_seule,substrat,CYP3A4/5,medium,flag_review_HUG_pdf
disopyramide,disopyramide,molecule_absente_hug,,,medium,conserver_CBIP_flag_source_unique
disopyramide,disopyramide,voie_cbip_seule,substrat,CYP3A4/5,medium,conserver_CBIP_confidence_medium
disulfiram,disulfiram,voie_cbip_seule,substrat,CYP3A4/5,low,conserver_CBIP_confidence_medium
disulfiram,disulfiram,voie_hug_seule,inhibiteur,CYP2E1,medium,flag_review_HUG_pdf
dolutégravir,dolutegravir,voie_hug_seule,substrat,Pgp,medium,flag_review_HUG_pdf
dompéridone,domperidone,molecule_absente_hug,,,medium,conserver_CBIP_flag_source_unique
dompéridone,domperidone,voie_cbip_seule,substrat,CYP3A4/5,medium,conserver_CBIP_confidence_medium
dompéridone,domperidone,voie_cbip_seule,substrat,Pgp,medium,conserver_CBIP_confidence_medium
donépézil,donepezil,voie_hug_seule,substrat,Pgp,medium,flag_review_HUG_pdf
doxorubicine,doxorubicine,molecule_absente_hug,,,medium,conserver_CBIP_flag_source_unique
doxorubicine,doxorubicine,voie_cbip_seule,substrat,CYP3A4/5,medium,conserver_CBIP_confidence_medium
doxorubicine,doxorubicine,voie_cbip_seule,substrat,Pgp,medium,conserver_CBIP_confidence_medium
doxycycline,doxycycline,molecule_absente_cbip,,,medium,conserver_HUG_flag_review
doxycycline,doxycycline,voie_hug_seule,inhibiteur,CYP3A4/5,medium,flag_review_HUG_pdf
dronédarone,dronedarone,molecule_absente_cbip,,,medium,conserver_HUG_flag_review
dronédarone,dronedarone,voie_hug_seule,substrat,CYP3A4/5,medium,flag_review_HUG_pdf
dronédarone,dronedarone,voie_hug_seule,substrat,Pgp,medium,flag_review_HUG_pdf
dronédarone,dronedarone,voie_hug_seule,inhibiteur,CYP2D6,medium,flag_review_HUG_pdf
dronédarone,dronedarone,voie_hug_seule,inhibiteur,CYP3A4/5,medium,flag_review_HUG_pdf
dronédarone,dronedarone,voie_hug_seule,inhibiteur,Pgp,medium,flag_review_HUG_pdf
dropéridol,droperidol,molecule_absente_hug,,,medium,conserver_CBIP_flag_source_unique
dropéridol,droperidol,voie_cbip_seule,substrat,CYP3A4/5,medium,conserver_CBIP_confidence_medium
dropéridol,droperidol,voie_cbip_seule,substrat,Pgp,medium,conserver_CBIP_confidence_medium
drospirénone,drospirenone,molecule_absente_hug,,,medium,conserver_CBIP_flag_source_unique
drospirénone,drospirenone,voie_cbip_seule,substrat,CYP3A4/5,medium,conserver_CBIP_confidence_medium
duloxétine,duloxetine,voie_hug_seule,inhibiteur,Pgp,medium,flag_review_HUG_pdf
ébastine,ebastine,molecule_absente_hug,,,medium,conserver_CBIP_flag_source_unique
ébastine,ebastine,voie_cbip_seule,substrat,CYP3A4/5,medium,conserver_CBIP_confidence_medium
ecstasy (MDMA),ecstasy (mdma),molecule_absente_cbip,,,medium,conserver_HUG_flag_review
ecstasy (MDMA),ecstasy (mdma),voie_hug_seule,substrat,CYP1A2,medium,flag_review_HUG_pdf
ecstasy (MDMA),ecstasy (mdma),voie_hug_seule,substrat,CYP2B6,medium,flag_review_HUG_pdf
ecstasy (MDMA),ecstasy (mdma),voie_hug_seule,substrat,CYP2D6,medium,flag_review_HUG_pdf
ecstasy (MDMA),ecstasy (mdma),voie_hug_seule,substrat,CYP3A4/5,medium,flag_review_HUG_pdf
ecstasy (MDMA),ecstasy (mdma),voie_hug_seule,inhibiteur,CYP2D6,medium,flag_review_HUG_pdf
éfavirenz,efavirenz,voie_hug_seule,substrat,CYP1A2,medium,flag_review_HUG_pdf
éfavirenz,efavirenz,voie_hug_seule,substrat,CYP3A4/5,medium,flag_review_HUG_pdf
éfavirenz,efavirenz,voie_hug_seule,inhibiteur,CYP2B6,medium,flag_review_HUG_pdf
éfavirenz,efavirenz,voie_hug_seule,inhibiteur,CYP2C19,medium,flag_review_HUG_pdf
éfavirenz,efavirenz,voie_hug_seule,inhibiteur,CYP2C9,medium,flag_review_HUG_pdf
éfavirenz,efavirenz,voie_hug_seule,inhibiteur,CYP3A4/5,medium,flag_review_HUG_pdf
éfavirenz,efavirenz,voie_hug_seule,inhibiteur,Pgp,medium,flag_review_HUG_pdf
éfavirenz,efavirenz,puissance_discordante,inducteur,CYP3A4/5,high,review_manuel_prioritaire
éfavirenz,efavirenz,voie_cbip_seule,inducteur,CYP2C19,low,conserver_CBIP_confidence_medium
elbasvir,elbasvir,molecule_absente_hug,,,medium,conserver_CBIP_flag_source_unique
elbasvir,elbasvir,voie_cbip_seule,substrat,CYP3A4/5,medium,conserver_CBIP_confidence_medium
elbasvir,elbasvir,voie_cbip_seule,substrat,Pgp,medium,conserver_CBIP_confidence_medium
élétriptan,eletriptan,molecule_absente_hug,,,medium,conserver_CBIP_flag_source_unique
élétriptan,eletriptan,voie_cbip_seule,substrat,CYP3A4/5,medium,conserver_CBIP_confidence_medium
élétriptan,eletriptan,voie_cbip_seule,substrat,Pgp,medium,conserver_CBIP_confidence_medium
élexacaftor,elexacaftor,molecule_absente_hug,,,medium,conserver_CBIP_flag_source_unique
élexacaftor,elexacaftor,voie_cbip_seule,substrat,CYP3A4/5,medium,conserver_CBIP_confidence_medium
éliglustat,eliglustat,molecule_absente_hug,,,medium,conserver_CBIP_flag_source_unique
éliglustat,eliglustat,voie_cbip_seule,substrat,CYP2D6,medium,conserver_CBIP_confidence_medium
éliglustat,eliglustat,voie_cbip_seule,substrat,CYP3A4/5,medium,conserver_CBIP_confidence_medium
éliglustat,eliglustat,voie_cbip_seule,substrat,Pgp,medium,conserver_CBIP_confidence_medium
elvitégravir,elvitegravir,voie_hug_seule,inducteur,CYP2C9,medium,flag_review_HUG_pdf
elvitégravir,elvitegravir,voie_hug_seule,inducteur,CYP3A4/5,medium,flag_review_HUG_pdf
emtricitabine,emtricitabine,molecule_absente_hug,,,medium,conserver_CBIP_flag_source_unique
emtricitabine,emtricitabine,voie_cbip_seule,substrat,Pgp,medium,conserver_CBIP_confidence_medium
encorafénib,encorafenib,molecule_absente_hug,,,medium,conserver_CBIP_flag_source_unique
encorafénib,encorafenib,voie_cbip_seule,substrat,CYP3A4/5,medium,conserver_CBIP_confidence_medium
enfortumab vedotin,enfortumab vedotin,molecule_absente_hug,,,medium,conserver_CBIP_flag_source_unique
enfortumab vedotin,enfortumab vedotin,voie_cbip_seule,substrat,CYP3A4/5,medium,conserver_CBIP_confidence_medium
entrectinib,entrectinib,molecule_absente_hug,,,medium,conserver_CBIP_flag_source_unique
entrectinib,entrectinib,voie_cbip_seule,substrat,CYP3A4/5,medium,conserver_CBIP_confidence_medium
entrectinib,entrectinib,voie_cbip_seule,inhibiteur,CYP3A4/5,medium,conserver_CBIP_confidence_medium
enzalutamide,enzalutamide,voie_hug_seule,substrat,CYP3A4/5,medium,flag_review_HUG_pdf
enzalutamide,enzalutamide,puissance_discordante,inducteur,CYP2C19,high,review_manuel_prioritaire
éplérénone,eplerenone,molecule_absente_hug,,,medium,conserver_CBIP_flag_source_unique
éplérénone,eplerenone,voie_cbip_seule,substrat,CYP3A4/5,medium,conserver_CBIP_confidence_medium
éravacycline,eravacycline,molecule_absente_hug,,,medium,conserver_CBIP_flag_source_unique
éravacycline,eravacycline,voie_cbip_seule,substrat,CYP3A4/5,medium,conserver_CBIP_confidence_medium
erdafitinib,erdafitinib,molecule_absente_hug,,,medium,conserver_CBIP_flag_source_unique
erdafitinib,erdafitinib,voie_cbip_seule,substrat,CYP2C9,medium,conserver_CBIP_confidence_medium
erdafitinib,erdafitinib,voie_cbip_seule,substrat,CYP3A4/5,medium,conserver_CBIP_confidence_medium
erdafitinib,erdafitinib,voie_cbip_seule,inhibiteur,Pgp,medium,conserver_CBIP_confidence_medium
erlotinib,erlotinib,voie_hug_seule,substrat,CYP1A2,medium,flag_review_HUG_pdf
erlotinib,erlotinib,voie_hug_seule,inhibiteur,Pgp,medium,flag_review_HUG_pdf
érythromycine,erythromycine,puissance_discordante,inhibiteur,Pgp,high,review_manuel_prioritaire
escitalopram,escitalopram,molecule_absente_hug,,,medium,conserver_CBIP_flag_source_unique
escitalopram,escitalopram,voie_cbip_seule,substrat,CYP2C19,medium,conserver_CBIP_confidence_medium
escitalopram,escitalopram,voie_cbip_seule,inhibiteur,CYP2D6,medium,conserver_CBIP_confidence_medium
eskétamine,esketamine,molecule_absente_hug,,,medium,conserver_CBIP_flag_source_unique
eskétamine,esketamine,voie_cbip_seule,substrat,CYP3A4/5,medium,conserver_CBIP_confidence_medium
ésoméprazole,esomeprazole,voie_hug_seule,substrat,CYP3A4/5,medium,flag_review_HUG_pdf
ésoméprazole,esomeprazole,puissance_discordante,inhibiteur,CYP2C19,high,review_manuel_prioritaire
estradiol,estradiol,molecule_absente_hug,,,medium,conserver_CBIP_flag_source_unique
estradiol,estradiol,voie_cbip_seule,substrat,CYP3A4/5,medium,conserver_CBIP_confidence_medium
estriol,estriol,molecule_absente_hug,,,medium,conserver_CBIP_flag_source_unique
estriol,estriol,voie_cbip_seule,substrat,CYP3A4/5,medium,conserver_CBIP_confidence_medium
estrogènes,estrogenes,molecule_absente_hug,,,medium,conserver_CBIP_flag_source_unique
estrogènes,estrogenes,voie_cbip_seule,substrat,CYP3A4/5,medium,conserver_CBIP_confidence_medium
estrogènes et estroprogestatifs,estrogenes et estroprogestatifs,molecule_absente_hug,,,medium,conserver_CBIP_flag_source_unique
estrogènes et estroprogestatifs,estrogenes et estroprogestatifs,voie_cbip_seule,inhibiteur,CYP1A2,medium,conserver_CBIP_confidence_medium
estroprogestatifs,estroprogestatifs,molecule_absente_hug,,,medium,conserver_CBIP_flag_source_unique
estroprogestatifs,estroprogestatifs,voie_cbip_seule,substrat,CYP3A4/5,medium,conserver_CBIP_confidence_medium
éthanol,ethanol,molecule_absente_cbip,,,medium,conserver_HUG_flag_review
éthanol,ethanol,voie_hug_seule,substrat,CYP1A2,medium,flag_review_HUG_pdf
éthanol,ethanol,voie_hug_seule,substrat,CYP2E1,medium,flag_review_HUG_pdf
éthanol,ethanol,voie_hug_seule,substrat,CYP3A4/5,medium,flag_review_HUG_pdf
éthanol,ethanol,voie_hug_seule,inducteur,CYP2E1,medium,flag_review_HUG_pdf
éthanol,ethanol,voie_hug_seule,inducteur,CYP3A4/5,medium,flag_review_HUG_pdf
éthinylestradiol,ethinylestradiol,voie_cbip_seule,substrat,Pgp,low,conserver_CBIP_confidence_medium
éthinylestradiol,ethinylestradiol,voie_hug_seule,substrat,CYP2C9,medium,flag_review_HUG_pdf
éthinylestradiol,ethinylestradiol,voie_hug_seule,inhibiteur,CYP3A4/5,medium,flag_review_HUG_pdf
éthosuximide,ethosuximide,voie_hug_seule,substrat,CYP2E1,medium,flag_review_HUG_pdf
éthylmorphine,ethylmorphine,molecule_absente_hug,,,medium,conserver_CBIP_flag_source_unique
éthylmorphine,ethylmorphine,voie_cbip_seule,substrat,CYP2D6,medium,conserver_CBIP_confidence_medium
étonogestrel,etonogestrel,molecule_absente_hug,,,medium,conserver_CBIP_flag_source_unique
étonogestrel,etonogestrel,voie_cbip_seule,substrat,CYP3A4/5,medium,conserver_CBIP_confidence_medium
étrasimod,etrasimod,molecule_absente_hug,,,medium,conserver_CBIP_flag_source_unique
étrasimod,etrasimod,voie_cbip_seule,substrat,CYP2C8,medium,conserver_CBIP_confidence_medium
étrasimod,etrasimod,voie_cbip_seule,substrat,CYP2C9,medium,conserver_CBIP_confidence_medium
étrasimod,etrasimod,voie_cbip_seule,substrat,CYP3A4/5,medium,conserver_CBIP_confidence_medium
étravirine,etravirine,voie_hug_seule,substrat,CYP2C9,medium,flag_review_HUG_pdf
étravirine,etravirine,voie_hug_seule,substrat,CYP3A4/5,medium,flag_review_HUG_pdf
étravirine,etravirine,voie_hug_seule,inhibiteur,CYP2C9,medium,flag_review_HUG_pdf
éverolimus,everolimus,voie_hug_seule,inhibiteur,Pgp,medium,flag_review_HUG_pdf
exémestane,exemestane,molecule_absente_hug,,,medium,conserver_CBIP_flag_source_unique
exémestane,exemestane,voie_cbip_seule,substrat,CYP3A4/5,medium,conserver_CBIP_confidence_medium
fédratinib,fedratinib,molecule_absente_hug,,,medium,conserver_CBIP_flag_source_unique
fédratinib,fedratinib,voie_cbip_seule,substrat,CYP2C19,medium,conserver_CBIP_confidence_medium
fédratinib,fedratinib,voie_cbip_seule,substrat,CYP3A4/5,medium,conserver_CBIP_confidence_medium
fédratinib,fedratinib,voie_cbip_seule,inhibiteur,CYP2C19,medium,conserver_CBIP_confidence_medium
fédratinib,fedratinib,voie_cbip_seule,inhibiteur,CYP2D6,medium,conserver_CBIP_confidence_medium
fédratinib,fedratinib,voie_cbip_seule,inhibiteur,CYP3A4/5,medium,conserver_CBIP_confidence_medium
felbamate,felbamate,molecule_absente_cbip,,,medium,conserver_HUG_flag_review
felbamate,felbamate,voie_hug_seule,substrat,CYP2E1,medium,flag_review_HUG_pdf
felbamate,felbamate,voie_hug_seule,substrat,CYP3A4/5,medium,flag_review_HUG_pdf
felbamate,felbamate,voie_hug_seule,substrat,Pgp,medium,flag_review_HUG_pdf
felbamate,felbamate,voie_hug_seule,inhibiteur,CYP2C19,medium,flag_review_HUG_pdf
felbamate,felbamate,voie_hug_seule,inducteur,CYP3A4/5,medium,flag_review_HUG_pdf
félodipine,felodipine,voie_hug_seule,substrat,Pgp,medium,flag_review_HUG_pdf
fenfluramine,fenfluramine,molecule_absente_hug,,,medium,conserver_CBIP_flag_source_unique
fenfluramine,fenfluramine,voie_cbip_seule,substrat,CYP2C19,medium,conserver_CBIP_confidence_medium
fésotérodine,fesoterodine,molecule_absente_hug,,,medium,conserver_CBIP_flag_source_unique
fésotérodine,fesoterodine,voie_cbip_seule,substrat,CYP3A4/5,medium,conserver_CBIP_confidence_medium
fézolinétant,fezolinetant,molecule_absente_hug,,,medium,conserver_CBIP_flag_source_unique
fézolinétant,fezolinetant,voie_cbip_seule,substrat,CYP1A2,medium,conserver_CBIP_confidence_medium
fidaxomicine,fidaxomicine,molecule_absente_hug,,,medium,conserver_CBIP_flag_source_unique
fidaxomicine,fidaxomicine,voie_cbip_seule,substrat,Pgp,medium,conserver_CBIP_confidence_medium
finérénone,finerenone,molecule_absente_hug,,,medium,conserver_CBIP_flag_source_unique
finérénone,finerenone,voie_cbip_seule,substrat,CYP3A4/5,medium,conserver_CBIP_confidence_medium
fingolimod,fingolimod,molecule_absente_hug,,,medium,conserver_CBIP_flag_source_unique
fingolimod,fingolimod,voie_cbip_seule,substrat,CYP2D6,medium,conserver_CBIP_confidence_medium
fingolimod,fingolimod,voie_cbip_seule,substrat,CYP3A4/5,medium,conserver_CBIP_confidence_medium
flécaïnide,flecainide,voie_cbip_seule,substrat,CYP1A2,low,conserver_CBIP_confidence_medium
flécaïnide,flecainide,voie_hug_seule,inhibiteur,CYP2D6,medium,flag_review_HUG_pdf
fluconazole,fluconazole,voie_cbip_seule,substrat,CYP2C19,low,conserver_CBIP_confidence_medium
fluconazole,fluconazole,voie_cbip_seule,substrat,CYP2C9,low,conserver_CBIP_confidence_medium
fluconazole,fluconazole,puissance_discordante,inhibiteur,CYP3A4/5,high,review_manuel_prioritaire
fluorouracil,fluorouracil,molecule_absente_hug,,,medium,conserver_CBIP_flag_source_unique
fluorouracil,fluorouracil,voie_cbip_seule,inhibiteur,CYP2C9,medium,conserver_CBIP_confidence_medium
fluoxétine,fluoxetine,voie_hug_seule,substrat,CYP2C19,medium,flag_review_HUG_pdf
fluoxétine,fluoxetine,voie_hug_seule,substrat,CYP2C9,medium,flag_review_HUG_pdf
fluoxétine,fluoxetine,voie_hug_seule,substrat,CYP3A4/5,medium,flag_review_HUG_pdf
fluoxétine,fluoxetine,voie_hug_seule,inhibiteur,CYP1A2,medium,flag_review_HUG_pdf
fluoxétine,fluoxetine,voie_hug_seule,inhibiteur,Pgp,medium,flag_review_HUG_pdf
flurazépam,flurazepam,molecule_absente_hug,,,medium,conserver_CBIP_flag_source_unique
flurazépam,flurazepam,voie_cbip_seule,substrat,CYP3A4/5,medium,conserver_CBIP_confidence_medium
flutamide,flutamide,molecule_absente_hug,,,medium,conserver_CBIP_flag_source_unique
flutamide,flutamide,voie_cbip_seule,substrat,CYP1A2,medium,conserver_CBIP_confidence_medium
fluticasone,fluticasone,molecule_absente_hug,,,medium,conserver_CBIP_flag_source_unique
fluticasone,fluticasone,voie_cbip_seule,substrat,CYP3A4/5,medium,conserver_CBIP_confidence_medium
fluvastatine,fluvastatine,voie_cbip_seule,substrat,CYP2C8,low,conserver_CBIP_confidence_medium
fluvastatine,fluvastatine,voie_hug_seule,substrat,CYP3A4/5,medium,flag_review_HUG_pdf
fluvastatine,fluvastatine,voie_hug_seule,substrat,Pgp,medium,flag_review_HUG_pdf
fluvastatine,fluvastatine,puissance_discordante,inhibiteur,CYP2C9,high,review_manuel_prioritaire
fluvoxamine,fluvoxamine,voie_hug_seule,substrat,CYP1A2,medium,flag_review_HUG_pdf
fluvoxamine,fluvoxamine,voie_hug_seule,substrat,Pgp,medium,flag_review_HUG_pdf
fluvoxamine,fluvoxamine,voie_cbip_seule,inhibiteur,CYP2D6,low,conserver_CBIP_confidence_medium
fluvoxamine,fluvoxamine,voie_hug_seule,inhibiteur,Pgp,medium,flag_review_HUG_pdf
fosamprénavir,fosamprenavir,molecule_absente_hug,,,medium,conserver_CBIP_flag_source_unique
fosamprénavir,fosamprenavir,voie_cbip_seule,substrat,CYP3A4/5,medium,conserver_CBIP_confidence_medium
fosamprénavir,fosamprenavir,voie_cbip_seule,inhibiteur,CYP3A4/5,medium,conserver_CBIP_confidence_medium
fosaprépitant,fosaprepitant,molecule_absente_hug,,,medium,conserver_CBIP_flag_source_unique
fosaprépitant,fosaprepitant,voie_cbip_seule,substrat,CYP3A4/5,medium,conserver_CBIP_confidence_medium
fosaprépitant,fosaprepitant,voie_cbip_seule,inhibiteur,CYP3A4/5,medium,conserver_CBIP_confidence_medium
fosaprépitant,fosaprepitant,voie_cbip_seule,inducteur,CYP2C9,medium,conserver_CBIP_confidence_medium
fosaprépitant,fosaprepitant,voie_cbip_seule,inducteur,CYP3A4/5,medium,conserver_CBIP_confidence_medium
fostemsavir,fostemsavir,molecule_absente_hug,,,medium,conserver_CBIP_flag_source_unique
fostemsavir,fostemsavir,voie_cbip_seule,substrat,CYP3A4/5,medium,conserver_CBIP_confidence_medium
fostemsavir,fostemsavir,voie_cbip_seule,substrat,Pgp,medium,conserver_CBIP_confidence_medium
frovatriptan,frovatriptan,molecule_absente_hug,,,medium,conserver_CBIP_flag_source_unique
frovatriptan,frovatriptan,voie_cbip_seule,substrat,CYP1A2,medium,conserver_CBIP_confidence_medium
fumée de cigarettes,fumee de cigarettes,molecule_absente_hug,,,medium,conserver_CBIP_flag_source_unique
fumée de cigarettes,fumee de cigarettes,voie_cbip_seule,inducteur,CYP1A2,medium,conserver_CBIP_confidence_medium
géfitinib,gefitinib,voie_hug_seule,substrat,CYP2D6,medium,flag_review_HUG_pdf
géfitinib,gefitinib,voie_hug_seule,inhibiteur,CYP2C19,medium,flag_review_HUG_pdf
géfitinib,gefitinib,voie_hug_seule,inhibiteur,CYP2D6,medium,flag_review_HUG_pdf
gemfibrozil,gemfibrozil,molecule_absente_cbip,,,medium,conserver_HUG_flag_review
gemfibrozil,gemfibrozil,voie_hug_seule,inhibiteur,CYP2C8,medium,flag_review_HUG_pdf
gemfibrozil,gemfibrozil,voie_hug_seule,inhibiteur,CYP2C9,medium,flag_review_HUG_pdf
gestodène,gestodene,voie_hug_seule,inhibiteur,CYP3A4/5,medium,flag_review_HUG_pdf
giltéritinib,gilteritinib,molecule_absente_hug,,,medium,conserver_CBIP_flag_source_unique
giltéritinib,gilteritinib,voie_cbip_seule,substrat,CYP3A4/5,medium,conserver_CBIP_confidence_medium
giltéritinib,gilteritinib,voie_cbip_seule,substrat,Pgp,medium,conserver_CBIP_confidence_medium
givosiran,givosiran,molecule_absente_hug,,,medium,conserver_CBIP_flag_source_unique
givosiran,givosiran,voie_cbip_seule,inhibiteur,CYP1A2,medium,conserver_CBIP_confidence_medium
givosiran,givosiran,voie_cbip_seule,inhibiteur,CYP2C19,medium,conserver_CBIP_confidence_medium
givosiran,givosiran,voie_cbip_seule,inhibiteur,CYP2D6,medium,conserver_CBIP_confidence_medium
givosiran,givosiran,voie_cbip_seule,inhibiteur,CYP3A4/5,medium,conserver_CBIP_confidence_medium
glécaprévir,glecaprevir,molecule_absente_hug,,,medium,conserver_CBIP_flag_source_unique
glécaprévir,glecaprevir,voie_cbip_seule,substrat,Pgp,medium,conserver_CBIP_confidence_medium
glécaprévir,glecaprevir,voie_cbip_seule,inhibiteur,Pgp,medium,conserver_CBIP_confidence_medium
glibenclamide,glibenclamide,voie_hug_seule,substrat,CYP2C19,medium,flag_review_HUG_pdf
glibenclamide,glibenclamide,voie_hug_seule,substrat,CYP3A4/5,medium,flag_review_HUG_pdf
glibenclamide,glibenclamide,voie_hug_seule,substrat,Pgp,medium,flag_review_HUG_pdf
glicazide,glicazide,molecule_absente_cbip,,,medium,conserver_HUG_flag_review
glicazide,glicazide,voie_hug_seule,substrat,CYP2C19,medium,flag_review_HUG_pdf
glicazide,glicazide,voie_hug_seule,substrat,CYP2C9,medium,flag_review_HUG_pdf
gliclazide,gliclazide,molecule_absente_hug,,,medium,conserver_CBIP_flag_source_unique
gliclazide,gliclazide,voie_cbip_seule,substrat,CYP2C9,medium,conserver_CBIP_confidence_medium
glipizide,glipizide,molecule_absente_hug,,,medium,conserver_CBIP_flag_source_unique
glipizide,glipizide,voie_cbip_seule,substrat,CYP2C9,medium,conserver_CBIP_confidence_medium
gliquidone,gliquidone,molecule_absente_hug,,,medium,conserver_CBIP_flag_source_unique
gliquidone,gliquidone,voie_cbip_seule,substrat,CYP2C9,medium,conserver_CBIP_confidence_medium
"grapefruit, orange de Séville","grapefruit, orange de seville",molecule_absente_cbip,,,medium,conserver_HUG_flag_review
"grapefruit, orange de Séville","grapefruit, orange de seville",voie_hug_seule,inhibiteur,CYP3A4/5,medium,flag_review_HUG_pdf
grazoprévir,grazoprevir,voie_hug_seule,inhibiteur,CYP3A4/5,medium,flag_review_HUG_pdf
guanfacine,guanfacine,molecule_absente_hug,,,medium,conserver_CBIP_flag_source_unique
guanfacine,guanfacine,voie_cbip_seule,substrat,CYP3A4/5,medium,conserver_CBIP_confidence_medium
halopéridol,haloperidol,voie_hug_seule,inhibiteur,CYP2D6,medium,flag_review_HUG_pdf
halopéridol,haloperidol,voie_hug_seule,inhibiteur,Pgp,medium,flag_review_HUG_pdf
hydrocodone,hydrocodone,molecule_absente_cbip,,,medium,conserver_HUG_flag_review
hydrocodone,hydrocodone,voie_hug_seule,substrat,CYP2D6,medium,flag_review_HUG_pdf
hydrocodone,hydrocodone,voie_hug_seule,substrat,CYP3A4/5,medium,flag_review_HUG_pdf
hydrocortisone,hydrocortisone,molecule_absente_hug,,,medium,conserver_CBIP_flag_source_unique
hydrocortisone,hydrocortisone,voie_cbip_seule,substrat,CYP3A4/5,medium,conserver_CBIP_confidence_medium
ibrutinib,ibrutinib,molecule_absente_hug,,,medium,conserver_CBIP_flag_source_unique
ibrutinib,ibrutinib,voie_cbip_seule,substrat,CYP3A4/5,medium,conserver_CBIP_confidence_medium
ibuprofène,ibuprofene,voie_cbip_seule,substrat,CYP2C8,low,conserver_CBIP_confidence_medium
ibuprofène,ibuprofene,voie_hug_seule,substrat,CYP2C19,medium,flag_review_HUG_pdf
idébénone,idebenone,molecule_absente_hug,,,medium,conserver_CBIP_flag_source_unique
idébénone,idebenone,voie_cbip_seule,inhibiteur,CYP3A4/5,medium,conserver_CBIP_confidence_medium
idébénone,idebenone,voie_cbip_seule,inhibiteur,Pgp,medium,conserver_CBIP_confidence_medium
idélalisib,idelalisib,molecule_absente_hug,,,medium,conserver_CBIP_flag_source_unique
idélalisib,idelalisib,voie_cbip_seule,substrat,CYP3A4/5,medium,conserver_CBIP_confidence_medium
idélalisib,idelalisib,voie_cbip_seule,inhibiteur,CYP3A4/5,medium,conserver_CBIP_confidence_medium
ifosfamide,ifosfamide,voie_hug_seule,inducteur,CYP3A4/5,medium,flag_review_HUG_pdf
imatinib,imatinib,voie_cbip_seule,substrat,CYP2C8,low,conserver_CBIP_confidence_medium
imatinib,imatinib,voie_hug_seule,substrat,CYP1A2,medium,flag_review_HUG_pdf
imatinib,imatinib,voie_hug_seule,substrat,CYP2C19,medium,flag_review_HUG_pdf
imatinib,imatinib,voie_hug_seule,substrat,CYP2C9,medium,flag_review_HUG_pdf
imatinib,imatinib,voie_hug_seule,substrat,CYP2D6,medium,flag_review_HUG_pdf
imatinib,imatinib,puissance_discordante,inhibiteur,CYP3A4/5,high,review_manuel_prioritaire
imatinib,imatinib,voie_hug_seule,inhibiteur,CYP2C8,medium,flag_review_HUG_pdf
imatinib,imatinib,voie_hug_seule,inhibiteur,CYP2C9,medium,flag_review_HUG_pdf
imatinib,imatinib,voie_hug_seule,inhibiteur,CYP2D6,medium,flag_review_HUG_pdf
imipramine,imipramine,voie_hug_seule,substrat,CYP2C19,medium,flag_review_HUG_pdf
imipramine,imipramine,voie_hug_seule,substrat,CYP3A4/5,medium,flag_review_HUG_pdf
imipramine,imipramine,voie_hug_seule,substrat,Pgp,medium,flag_review_HUG_pdf
indacatérol,indacaterol,molecule_absente_hug,,,medium,conserver_CBIP_flag_source_unique
indacatérol,indacaterol,voie_cbip_seule,substrat,CYP3A4/5,medium,conserver_CBIP_confidence_medium
indacatérol,indacaterol,voie_cbip_seule,substrat,Pgp,medium,conserver_CBIP_confidence_medium
indométacine,indometacine,molecule_absente_hug,,,medium,conserver_CBIP_flag_source_unique
indométacine,indometacine,voie_cbip_seule,substrat,CYP2C9,medium,conserver_CBIP_confidence_medium
irbésartan,irbesartan,voie_hug_seule,inhibiteur,CYP2C9,medium,flag_review_HUG_pdf
irbésartan,irbesartan,voie_hug_seule,inhibiteur,Pgp,medium,flag_review_HUG_pdf
irinotécan,irinotecan,molecule_absente_hug,,,medium,conserver_CBIP_flag_source_unique
irinotécan,irinotecan,voie_cbip_seule,substrat,CYP3A4/5,medium,conserver_CBIP_confidence_medium
irinotécan,irinotecan,voie_cbip_seule,substrat,Pgp,medium,conserver_CBIP_confidence_medium
isavuconazole,isavuconazole,molecule_absente_hug,,,medium,conserver_CBIP_flag_source_unique
isavuconazole,isavuconazole,voie_cbip_seule,substrat,CYP3A4/5,medium,conserver_CBIP_confidence_medium
isavuconazole,isavuconazole,voie_cbip_seule,inhibiteur,CYP3A4/5,medium,conserver_CBIP_confidence_medium
isavuconazole,isavuconazole,voie_cbip_seule,inhibiteur,Pgp,medium,conserver_CBIP_confidence_medium
isoniazide,isoniazide,voie_hug_seule,inhibiteur,CYP3A4/5,medium,flag_review_HUG_pdf
isoniazide,isoniazide,voie_hug_seule,inducteur,CYP2E1,medium,flag_review_HUG_pdf
ivabradine,ivabradine,molecule_absente_hug,,,medium,conserver_CBIP_flag_source_unique
ivabradine,ivabradine,voie_cbip_seule,substrat,CYP3A4/5,medium,conserver_CBIP_confidence_medium
ivacaftor,ivacaftor,molecule_absente_hug,,,medium,conserver_CBIP_flag_source_unique
ivacaftor,ivacaftor,voie_cbip_seule,substrat,CYP3A4/5,medium,conserver_CBIP_confidence_medium
ivacaftor,ivacaftor,voie_cbip_seule,inhibiteur,CYP2C9,medium,conserver_CBIP_confidence_medium
ivacaftor,ivacaftor,voie_cbip_seule,inhibiteur,CYP3A4/5,medium,conserver_CBIP_confidence_medium
ivacaftor,ivacaftor,voie_cbip_seule,inhibiteur,Pgp,medium,conserver_CBIP_confidence_medium
ivermectine,ivermectine,molecule_absente_hug,,,medium,conserver_CBIP_flag_source_unique
ivermectine,ivermectine,voie_cbip_seule,substrat,CYP3A4/5,medium,conserver_CBIP_confidence_medium
ivosidénib,ivosidenib,molecule_absente_hug,,,medium,conserver_CBIP_flag_source_unique
ivosidénib,ivosidenib,voie_cbip_seule,substrat,CYP3A4/5,medium,conserver_CBIP_confidence_medium
ivosidénib,ivosidenib,voie_cbip_seule,inhibiteur,Pgp,medium,conserver_CBIP_confidence_medium
ivosidénib,ivosidenib,voie_cbip_seule,inducteur,CYP2B6,medium,conserver_CBIP_confidence_medium
ivosidénib,ivosidenib,voie_cbip_seule,inducteur,CYP2C19,medium,conserver_CBIP_confidence_medium
ivosidénib,ivosidenib,voie_cbip_seule,inducteur,CYP2C8,medium,conserver_CBIP_confidence_medium
ivosidénib,ivosidenib,voie_cbip_seule,inducteur,CYP2C9,medium,conserver_CBIP_confidence_medium
ivosidénib,ivosidenib,voie_cbip_seule,inducteur,CYP3A4/5,medium,conserver_CBIP_confidence_medium
ivosidénib,ivosidenib,voie_cbip_seule,inducteur,Pgp,medium,conserver_CBIP_confidence_medium
ixazomib,ixazomib,molecule_absente_hug,,,medium,conserver_CBIP_flag_source_unique
ixazomib,ixazomib,voie_cbip_seule,substrat,CYP3A4/5,medium,conserver_CBIP_confidence_medium
kétamine,ketamine,molecule_absente_hug,,,medium,conserver_CBIP_flag_source_unique
kétamine,ketamine,voie_cbip_seule,substrat,CYP3A4/5,medium,conserver_CBIP_confidence_medium
labétalol,labetalol,molecule_absente_hug,,,medium,conserver_CBIP_flag_source_unique
labétalol,labetalol,voie_cbip_seule,substrat,CYP2C19,medium,conserver_CBIP_confidence_medium
lansoprazole,lansoprazole,voie_hug_seule,substrat,Pgp,medium,flag_review_HUG_pdf
lansoprazole,lansoprazole,voie_hug_seule,inhibiteur,CYP2C19,medium,flag_review_HUG_pdf
lansoprazole,lansoprazole,voie_hug_seule,inhibiteur,Pgp,medium,flag_review_HUG_pdf
lansoprazole,lansoprazole,voie_hug_seule,inducteur,CYP1A2,medium,flag_review_HUG_pdf
lapatinib,lapatinib,molecule_absente_hug,,,medium,conserver_CBIP_flag_source_unique
lapatinib,lapatinib,voie_cbip_seule,substrat,CYP3A4/5,medium,conserver_CBIP_confidence_medium
lapatinib,lapatinib,voie_cbip_seule,substrat,Pgp,medium,conserver_CBIP_confidence_medium
lapatinib,lapatinib,voie_cbip_seule,inhibiteur,CYP3A4/5,medium,conserver_CBIP_confidence_medium
lapatinib,lapatinib,voie_cbip_seule,inhibiteur,Pgp,medium,conserver_CBIP_confidence_medium
larotrectinib,larotrectinib,molecule_absente_hug,,,medium,conserver_CBIP_flag_source_unique
larotrectinib,larotrectinib,voie_cbip_seule,substrat,CYP3A4/5,medium,conserver_CBIP_confidence_medium
larotrectinib,larotrectinib,voie_cbip_seule,substrat,Pgp,medium,conserver_CBIP_confidence_medium
larotrectinib,larotrectinib,voie_cbip_seule,inhibiteur,CYP3A4/5,medium,conserver_CBIP_confidence_medium
ledipasvir,ledipasvir,puissance_discordante,inhibiteur,Pgp,high,review_manuel_prioritaire
léflunomide,leflunomide,molecule_absente_hug,,,medium,conserver_CBIP_flag_source_unique
léflunomide,leflunomide,voie_cbip_seule,substrat,CYP1A2,medium,conserver_CBIP_confidence_medium
léflunomide,leflunomide,voie_cbip_seule,substrat,CYP2C19,medium,conserver_CBIP_confidence_medium
"légumes (chou, brocoli)","legumes (chou, brocoli)",molecule_absente_cbip,,,medium,conserver_HUG_flag_review
"légumes (chou, brocoli)","legumes (chou, brocoli)",voie_hug_seule,inducteur,CYP1A2,medium,flag_review_HUG_pdf
lénacapavir,lenacapavir,molecule_absente_hug,,,medium,conserver_CBIP_flag_source_unique
lénacapavir,lenacapavir,voie_cbip_seule,substrat,CYP3A4/5,medium,conserver_CBIP_confidence_medium
lénacapavir,lenacapavir,voie_cbip_seule,substrat,Pgp,medium,conserver_CBIP_confidence_medium
lénacapavir,lenacapavir,voie_cbip_seule,inhibiteur,CYP3A4/5,medium,conserver_CBIP_confidence_medium
lénacapavir,lenacapavir,voie_cbip_seule,inhibiteur,Pgp,medium,conserver_CBIP_confidence_medium
lenvatinib,lenvatinib,molecule_absente_hug,,,medium,conserver_CBIP_flag_source_unique
lenvatinib,lenvatinib,voie_cbip_seule,substrat,CYP3A4/5,medium,conserver_CBIP_confidence_medium
lenvatinib,lenvatinib,voie_cbip_seule,substrat,Pgp,medium,conserver_CBIP_confidence_medium
lercanidipine,lercanidipine,molecule_absente_hug,,,medium,conserver_CBIP_flag_source_unique
lercanidipine,lercanidipine,voie_cbip_seule,substrat,CYP3A4/5,medium,conserver_CBIP_confidence_medium
létermovir,letermovir,molecule_absente_hug,,,medium,conserver_CBIP_flag_source_unique
létermovir,letermovir,voie_cbip_seule,inhibiteur,CYP3A4/5,medium,conserver_CBIP_confidence_medium
létermovir,letermovir,voie_cbip_seule,inducteur,CYP2C19,medium,conserver_CBIP_confidence_medium
létermovir,letermovir,voie_cbip_seule,inducteur,CYP2C9,medium,conserver_CBIP_confidence_medium
lévomépromazine,levomepromazine,molecule_absente_cbip,,,medium,conserver_HUG_flag_review
lévomépromazine,levomepromazine,voie_hug_seule,substrat,CYP2D6,medium,flag_review_HUG_pdf
lévomépromazine,levomepromazine,voie_hug_seule,inhibiteur,CYP2D6,medium,flag_review_HUG_pdf
lévonorgestrel,levonorgestrel,molecule_absente_hug,,,medium,conserver_CBIP_flag_source_unique
lévonorgestrel,levonorgestrel,voie_cbip_seule,substrat,CYP3A4/5,medium,conserver_CBIP_confidence_medium
linagliptine,linagliptine,molecule_absente_hug,,,medium,conserver_CBIP_flag_source_unique
linagliptine,linagliptine,voie_cbip_seule,substrat,Pgp,medium,conserver_CBIP_confidence_medium
linzagolix,linzagolix,molecule_absente_hug,,,medium,conserver_CBIP_flag_source_unique
linzagolix,linzagolix,voie_cbip_seule,inhibiteur,CYP2C8,medium,conserver_CBIP_confidence_medium
lopinavir,lopinavir,voie_hug_seule,substrat,Pgp,medium,flag_review_HUG_pdf
lopinavir,lopinavir,voie_hug_seule,inhibiteur,Pgp,medium,flag_review_HUG_pdf
loratadine,loratadine,voie_hug_seule,substrat,CYP2D6,medium,flag_review_HUG_pdf
lorlatinib,lorlatinib,molecule_absente_hug,,,medium,conserver_CBIP_flag_source_unique
lorlatinib,lorlatinib,voie_cbip_seule,substrat,CYP3A4/5,medium,conserver_CBIP_confidence_medium
lorlatinib,lorlatinib,voie_cbip_seule,inducteur,CYP3A4/5,medium,conserver_CBIP_confidence_medium
lorlatinib,lorlatinib,voie_cbip_seule,inducteur,Pgp,medium,conserver_CBIP_confidence_medium
losartan,losartan,voie_hug_seule,substrat,CYP3A4/5,medium,flag_review_HUG_pdf
losartan,losartan,voie_hug_seule,substrat,Pgp,medium,flag_review_HUG_pdf
losartan,losartan,voie_hug_seule,inhibiteur,CYP2C9,medium,flag_review_HUG_pdf
lumacaftor,lumacaftor,molecule_absente_hug,,,medium,conserver_CBIP_flag_source_unique
lumacaftor,lumacaftor,voie_cbip_seule,inducteur,CYP3A4/5,medium,conserver_CBIP_confidence_medium
luméfantrine,lumefantrine,voie_hug_seule,inhibiteur,CYP2D6,medium,flag_review_HUG_pdf
macitentan,macitentan,molecule_absente_hug,,,medium,conserver_CBIP_flag_source_unique
macitentan,macitentan,voie_cbip_seule,substrat,CYP3A4/5,medium,conserver_CBIP_confidence_medium
maribavir,maribavir,molecule_absente_hug,,,medium,conserver_CBIP_flag_source_unique
maribavir,maribavir,voie_cbip_seule,substrat,CYP3A4/5,medium,conserver_CBIP_confidence_medium
mavacamten,mavacamten,molecule_absente_hug,,,medium,conserver_CBIP_flag_source_unique
mavacamten,mavacamten,voie_cbip_seule,substrat,CYP2C19,medium,conserver_CBIP_confidence_medium
mavacamten,mavacamten,voie_cbip_seule,substrat,CYP3A4/5,medium,conserver_CBIP_confidence_medium
médroxyprogestérone,medroxyprogesterone,molecule_absente_cbip,,,medium,conserver_HUG_flag_review
médroxyprogestérone,medroxyprogesterone,voie_hug_seule,substrat,CYP3A4/5,medium,flag_review_HUG_pdf
méfloquine,mefloquine,voie_cbip_seule,substrat,Pgp,low,conserver_CBIP_confidence_medium
mélatonine,melatonine,molecule_absente_hug,,,medium,conserver_CBIP_flag_source_unique
mélatonine,melatonine,voie_cbip_seule,substrat,CYP1A2,medium,conserver_CBIP_confidence_medium
méloxicam,meloxicam,voie_hug_seule,substrat,CYP3A4/5,medium,flag_review_HUG_pdf
métamizole,metamizole,molecule_absente_cbip,,,medium,conserver_HUG_flag_review
métamizole,metamizole,voie_hug_seule,inducteur,CYP2B6,medium,flag_review_HUG_pdf
métamizole,metamizole,voie_hug_seule,inducteur,CYP3A4/5,medium,flag_review_HUG_pdf
méthadone,methadone,voie_hug_seule,substrat,CYP1A2,medium,flag_review_HUG_pdf
méthadone,methadone,voie_hug_seule,substrat,CYP2C19,medium,flag_review_HUG_pdf
méthadone,methadone,voie_hug_seule,substrat,CYP2D6,medium,flag_review_HUG_pdf
méthadone,methadone,voie_hug_seule,substrat,Pgp,medium,flag_review_HUG_pdf
méthadone,methadone,voie_hug_seule,inhibiteur,CYP2D6,medium,flag_review_HUG_pdf
méthadone,methadone,voie_hug_seule,inhibiteur,Pgp,medium,flag_review_HUG_pdf
méthoxsalène,methoxsalene,molecule_absente_hug,,,medium,conserver_CBIP_flag_source_unique
méthoxsalène,methoxsalene,voie_cbip_seule,inhibiteur,CYP1A2,medium,conserver_CBIP_confidence_medium
métoclopramide,metoclopramide,voie_hug_seule,substrat,Pgp,medium,flag_review_HUG_pdf
métoclopramide,metoclopramide,voie_hug_seule,inhibiteur,CYP2D6,medium,flag_review_HUG_pdf
métronidazole,metronidazole,molecule_absente_cbip,,,medium,conserver_HUG_flag_review
métronidazole,metronidazole,voie_hug_seule,inhibiteur,CYP2C9,medium,flag_review_HUG_pdf
miansérine,mianserine,voie_hug_seule,substrat,CYP1A2,medium,flag_review_HUG_pdf
miansérine,mianserine,voie_hug_seule,substrat,CYP3A4/5,medium,flag_review_HUG_pdf
miconazole,miconazole,voie_hug_seule,inhibiteur,CYP3A4/5,medium,flag_review_HUG_pdf
midostaurine,midostaurine,molecule_absente_hug,,,medium,conserver_CBIP_flag_source_unique
midostaurine,midostaurine,voie_cbip_seule,substrat,CYP3A4/5,medium,conserver_CBIP_confidence_medium
mirabégron,mirabegron,molecule_absente_hug,,,medium,conserver_CBIP_flag_source_unique
mirabégron,mirabegron,voie_cbip_seule,substrat,CYP3A4/5,medium,conserver_CBIP_confidence_medium
mirabégron,mirabegron,voie_cbip_seule,substrat,Pgp,medium,conserver_CBIP_confidence_medium
mirabégron,mirabegron,voie_cbip_seule,inhibiteur,CYP2D6,medium,conserver_CBIP_confidence_medium
mirtazapine,mirtazapine,molecule_absente_cbip,,,medium,conserver_HUG_flag_review
mirtazapine,mirtazapine,voie_hug_seule,substrat,CYP1A2,medium,flag_review_HUG_pdf
mirtazapine,mirtazapine,voie_hug_seule,substrat,CYP2D6,medium,flag_review_HUG_pdf
mirtazapine,mirtazapine,voie_hug_seule,substrat,CYP3A4/5,medium,flag_review_HUG_pdf
mitomycine,mitomycine,molecule_absente_hug,,,medium,conserver_CBIP_flag_source_unique
mitomycine,mitomycine,voie_cbip_seule,substrat,Pgp,medium,conserver_CBIP_confidence_medium
mitotane,mitotane,molecule_absente_hug,,,medium,conserver_CBIP_flag_source_unique
mitotane,mitotane,voie_cbip_seule,inducteur,CYP3A4/5,medium,conserver_CBIP_confidence_medium
moclobémide,moclobemide,puissance_discordante,inhibiteur,CYP2D6,high,review_manuel_prioritaire
moclobémide,moclobemide,voie_hug_seule,inhibiteur,CYP1A2,medium,flag_review_HUG_pdf
modafinil,modafinil,puissance_discordante,inhibiteur,CYP2C19,high,review_manuel_prioritaire
modafinil,modafinil,voie_hug_seule,inducteur,CYP1A2,medium,flag_review_HUG_pdf
modafinil,modafinil,voie_hug_seule,inducteur,CYP2B6,medium,flag_review_HUG_pdf
momélotinib,momelotinib,molecule_absente_hug,,,medium,conserver_CBIP_flag_source_unique
momélotinib,momelotinib,voie_cbip_seule,inhibiteur,CYP2B6,medium,conserver_CBIP_confidence_medium
momélotinib,momelotinib,voie_cbip_seule,inhibiteur,Pgp,medium,conserver_CBIP_confidence_medium
momélotinib,momelotinib,voie_cbip_seule,inducteur,CYP1A2,medium,conserver_CBIP_confidence_medium
momélotinib,momelotinib,voie_cbip_seule,inducteur,CYP2B6,medium,conserver_CBIP_confidence_medium
mométasone,mometasone,molecule_absente_hug,,,medium,conserver_CBIP_flag_source_unique
mométasone,mometasone,voie_cbip_seule,substrat,CYP3A4/5,medium,conserver_CBIP_confidence_medium
montélukast,montelukast,voie_hug_seule,substrat,CYP2C9,medium,flag_review_HUG_pdf
montélukast,montelukast,voie_hug_seule,substrat,CYP3A4/5,medium,flag_review_HUG_pdf
morphine,morphine,molecule_absente_hug,,,medium,conserver_CBIP_flag_source_unique
morphine,morphine,voie_cbip_seule,substrat,Pgp,medium,conserver_CBIP_confidence_medium
naldémédine,naldemedine,molecule_absente_hug,,,medium,conserver_CBIP_flag_source_unique
naldémédine,naldemedine,voie_cbip_seule,substrat,CYP3A4/5,medium,conserver_CBIP_confidence_medium
naldémédine,naldemedine,voie_cbip_seule,substrat,Pgp,medium,conserver_CBIP_confidence_medium
naloxone,naloxone,molecule_absente_hug,,,medium,conserver_CBIP_flag_source_unique
naloxone,naloxone,voie_cbip_seule,substrat,CYP3A4/5,medium,conserver_CBIP_confidence_medium
naloxone,naloxone,voie_cbip_seule,substrat,Pgp,medium,conserver_CBIP_confidence_medium
naproxène,naproxene,voie_hug_seule,substrat,CYP1A2,medium,flag_review_HUG_pdf
natéglinide,nateglinide,molecule_absente_cbip,,,medium,conserver_HUG_flag_review
natéglinide,nateglinide,voie_hug_seule,substrat,CYP2C9,medium,flag_review_HUG_pdf
natéglinide,nateglinide,voie_hug_seule,substrat,CYP2D6,medium,flag_review_HUG_pdf
natéglinide,nateglinide,voie_hug_seule,substrat,CYP3A4/5,medium,flag_review_HUG_pdf
natéglinide,nateglinide,voie_hug_seule,inhibiteur,CYP2C9,medium,flag_review_HUG_pdf
nétupitant,netupitant,molecule_absente_hug,,,medium,conserver_CBIP_flag_source_unique
nétupitant,netupitant,voie_cbip_seule,substrat,CYP3A4/5,medium,conserver_CBIP_confidence_medium
nétupitant,netupitant,voie_cbip_seule,inhibiteur,CYP3A4/5,medium,conserver_CBIP_confidence_medium
névirapine,nevirapine,voie_hug_seule,inducteur,CYP2B6,medium,flag_review_HUG_pdf
névirapine,nevirapine,voie_hug_seule,inducteur,Pgp,medium,flag_review_HUG_pdf
nicardipine,nicardipine,molecule_absente_hug,,,medium,conserver_CBIP_flag_source_unique
nicardipine,nicardipine,voie_cbip_seule,substrat,CYP3A4/5,medium,conserver_CBIP_confidence_medium
nifédipine,nifedipine,voie_hug_seule,inhibiteur,CYP3A4/5,medium,flag_review_HUG_pdf
nilotinib,nilotinib,voie_hug_seule,inhibiteur,CYP2C8,medium,flag_review_HUG_pdf
nilotinib,nilotinib,voie_hug_seule,inhibiteur,CYP2D6,medium,flag_review_HUG_pdf
nilotinib,nilotinib,voie_hug_seule,inhibiteur,Pgp,medium,flag_review_HUG_pdf
nimodipine,nimodipine,voie_hug_seule,substrat,Pgp,medium,flag_review_HUG_pdf
nintédanib,nintedanib,molecule_absente_hug,,,medium,conserver_CBIP_flag_source_unique
nintédanib,nintedanib,voie_cbip_seule,substrat,Pgp,medium,conserver_CBIP_confidence_medium
niraparib,niraparib,molecule_absente_hug,,,medium,conserver_CBIP_flag_source_unique
niraparib,niraparib,voie_cbip_seule,substrat,Pgp,medium,conserver_CBIP_confidence_medium
nirmatrelvir,nirmatrelvir,molecule_absente_hug,,,medium,conserver_CBIP_flag_source_unique
nirmatrelvir,nirmatrelvir,voie_cbip_seule,substrat,CYP3A4/5,medium,conserver_CBIP_confidence_medium
nitisinon,nitisinon,molecule_absente_hug,,,medium,conserver_CBIP_flag_source_unique
nitisinon,nitisinon,voie_cbip_seule,substrat,CYP2C9,medium,conserver_CBIP_confidence_medium
nitrendipine,nitrendipine,molecule_absente_cbip,,,medium,conserver_HUG_flag_review
nitrendipine,nitrendipine,voie_hug_seule,inhibiteur,CYP3A4/5,medium,flag_review_HUG_pdf
nomégestrol,nomegestrol,molecule_absente_hug,,,medium,conserver_CBIP_flag_source_unique
nomégestrol,nomegestrol,voie_cbip_seule,substrat,CYP3A4/5,medium,conserver_CBIP_confidence_medium
norelgestromine,norelgestromine,molecule_absente_hug,,,medium,conserver_CBIP_flag_source_unique
norelgestromine,norelgestromine,voie_cbip_seule,substrat,CYP3A4/5,medium,conserver_CBIP_confidence_medium
noréthistérone,norethisterone,molecule_absente_cbip,,,medium,conserver_HUG_flag_review
noréthistérone,norethisterone,voie_hug_seule,substrat,CYP3A4/5,medium,flag_review_HUG_pdf
norfloxacine,norfloxacine,molecule_absente_cbip,,,medium,conserver_HUG_flag_review
norfloxacine,norfloxacine,voie_hug_seule,inhibiteur,CYP1A2,medium,flag_review_HUG_pdf
nortriptyline,nortriptyline,voie_cbip_seule,substrat,Pgp,low,conserver_CBIP_confidence_medium
nortriptyline,nortriptyline,voie_hug_seule,substrat,CYP1A2,medium,flag_review_HUG_pdf
nortriptyline,nortriptyline,voie_hug_seule,substrat,CYP2C19,medium,flag_review_HUG_pdf
nortriptyline,nortriptyline,voie_hug_seule,substrat,CYP3A4/5,medium,flag_review_HUG_pdf
noscapine,noscapine,molecule_absente_hug,,,medium,conserver_CBIP_flag_source_unique
noscapine,noscapine,voie_cbip_seule,inhibiteur,CYP2C9,medium,conserver_CBIP_confidence_medium
odévixibat,odevixibat,molecule_absente_hug,,,medium,conserver_CBIP_flag_source_unique
odévixibat,odevixibat,voie_cbip_seule,substrat,Pgp,medium,conserver_CBIP_confidence_medium
olanzapine,olanzapine,voie_hug_seule,substrat,CYP2D6,medium,flag_review_HUG_pdf
olanzapine,olanzapine,voie_hug_seule,substrat,Pgp,medium,flag_review_HUG_pdf
olaparib,olaparib,molecule_absente_hug,,,medium,conserver_CBIP_flag_source_unique
olaparib,olaparib,voie_cbip_seule,substrat,CYP3A4/5,medium,conserver_CBIP_confidence_medium
oméprazole,omeprazole,voie_hug_seule,substrat,CYP3A4/5,medium,flag_review_HUG_pdf
oméprazole,omeprazole,puissance_discordante,inhibiteur,CYP2C19,high,review_manuel_prioritaire
oméprazole,omeprazole,voie_hug_seule,inducteur,CYP1A2,medium,flag_review_HUG_pdf
ondansétron,ondansetron,voie_hug_seule,substrat,CYP2D6,medium,flag_review_HUG_pdf
ondansétron,ondansetron,voie_hug_seule,substrat,CYP3A4/5,medium,flag_review_HUG_pdf
oséltamivir,oseltamivir,molecule_absente_hug,,,medium,conserver_CBIP_flag_source_unique
oséltamivir,oseltamivir,voie_cbip_seule,substrat,Pgp,medium,conserver_CBIP_confidence_medium
osimertinib,osimertinib,molecule_absente_hug,,,medium,conserver_CBIP_flag_source_unique
osimertinib,osimertinib,voie_cbip_seule,substrat,CYP3A4/5,medium,conserver_CBIP_confidence_medium
oxcarbazépine,oxcarbazepine,voie_hug_seule,inhibiteur,CYP2C19,medium,flag_review_HUG_pdf
ozanimod,ozanimod,molecule_absente_hug,,,medium,conserver_CBIP_flag_source_unique
ozanimod,ozanimod,voie_cbip_seule,substrat,CYP2C8,medium,conserver_CBIP_confidence_medium
palbociclib,palbociclib,molecule_absente_hug,,,medium,conserver_CBIP_flag_source_unique
palbociclib,palbociclib,voie_cbip_seule,substrat,CYP3A4/5,medium,conserver_CBIP_confidence_medium
palipéridone,paliperidone,molecule_absente_hug,,,medium,conserver_CBIP_flag_source_unique
palipéridone,paliperidone,voie_cbip_seule,substrat,CYP2D6,medium,conserver_CBIP_confidence_medium
palonosétron,palonosetron,molecule_absente_hug,,,medium,conserver_CBIP_flag_source_unique
palonosétron,palonosetron,voie_cbip_seule,substrat,CYP2D6,medium,conserver_CBIP_confidence_medium
pamplemousse,pamplemousse/orange de seville,molecule_absente_hug,,,medium,conserver_CBIP_flag_source_unique
pamplemousse,pamplemousse/orange de seville,voie_cbip_seule,inhibiteur,CYP3A4/5,medium,conserver_CBIP_confidence_medium
panobinostat,panobinostat,molecule_absente_hug,,,medium,conserver_CBIP_flag_source_unique
panobinostat,panobinostat,voie_cbip_seule,substrat,CYP3A4/5,medium,conserver_CBIP_confidence_medium
panobinostat,panobinostat,voie_cbip_seule,inhibiteur,CYP2D6,medium,conserver_CBIP_confidence_medium
pantoprazole,pantoprazole,voie_hug_seule,substrat,CYP3A4/5,medium,flag_review_HUG_pdf
paracétamol,paracetamol,molecule_absente_cbip,,,medium,conserver_HUG_flag_review
paracétamol,paracetamol,voie_hug_seule,substrat,CYP2E1,medium,flag_review_HUG_pdf
paracétamol,paracetamol,voie_hug_seule,substrat,CYP3A4/5,medium,flag_review_HUG_pdf
paroxétine,paroxetine,voie_cbip_seule,substrat,Pgp,low,conserver_CBIP_confidence_medium
paroxétine,paroxetine,voie_hug_seule,inhibiteur,CYP1A2,medium,flag_review_HUG_pdf
paroxétine,paroxetine,voie_hug_seule,inhibiteur,Pgp,medium,flag_review_HUG_pdf
pazopanib,pazopanib,molecule_absente_hug,,,medium,conserver_CBIP_flag_source_unique
pazopanib,pazopanib,voie_cbip_seule,substrat,CYP3A4/5,medium,conserver_CBIP_confidence_medium
pazopanib,pazopanib,voie_cbip_seule,inhibiteur,CYP3A4/5,medium,conserver_CBIP_confidence_medium
pentamidine,pentamidine,molecule_absente_hug,,,medium,conserver_CBIP_flag_source_unique
pentamidine,pentamidine,voie_cbip_seule,substrat,CYP2C19,medium,conserver_CBIP_confidence_medium
pérampanel,perampanel,voie_hug_seule,substrat,CYP1A2,medium,flag_review_HUG_pdf
pérampanel,perampanel,voie_hug_seule,substrat,CYP2B6,medium,flag_review_HUG_pdf
pérampanel,perampanel,voie_hug_seule,inducteur,CYP3A4/5,medium,flag_review_HUG_pdf
phénobarbital,phenobarbital,voie_hug_seule,substrat,Pgp,medium,flag_review_HUG_pdf
phénobarbital,phenobarbital,voie_cbip_seule,inducteur,CYP1A2,low,conserver_CBIP_confidence_medium
phénobarbital,phenobarbital,voie_hug_seule,inducteur,CYP2B6,medium,flag_review_HUG_pdf
phénobarbital,phenobarbital,voie_hug_seule,inducteur,CYP2C19,medium,flag_review_HUG_pdf
phénobarbital,phenobarbital,voie_hug_seule,inducteur,Pgp,medium,flag_review_HUG_pdf
phenprocoumone,phenprocoumone,voie_hug_seule,substrat,CYP3A4/5,medium,flag_review_HUG_pdf
phénytoïne,phenytoine,voie_cbip_seule,inducteur,CYP1A2,low,conserver_CBIP_confidence_medium
phénytoïne,phenytoine,voie_hug_seule,inducteur,CYP2C19,medium,flag_review_HUG_pdf
phénytoïne,phenytoine,voie_hug_seule,inducteur,Pgp,medium,flag_review_HUG_pdf
pibrentasvir,pibrentasvir,molecule_absente_hug,,,medium,conserver_CBIP_flag_source_unique
pibrentasvir,pibrentasvir,voie_cbip_seule,substrat,Pgp,medium,conserver_CBIP_confidence_medium
pibrentasvir,pibrentasvir,voie_cbip_seule,inhibiteur,Pgp,medium,conserver_CBIP_confidence_medium
pimozide,pimozide,molecule_absente_hug,,,medium,conserver_CBIP_flag_source_unique
pimozide,pimozide,voie_cbip_seule,substrat,CYP3A4/5,medium,conserver_CBIP_confidence_medium
pioglitazone,pioglitazone,voie_hug_seule,substrat,CYP2C19,medium,flag_review_HUG_pdf
pioglitazone,pioglitazone,voie_hug_seule,substrat,CYP2C9,medium,flag_review_HUG_pdf
pioglitazone,pioglitazone,voie_hug_seule,substrat,CYP3A4/5,medium,flag_review_HUG_pdf
pirfénidone,pirfenidone,molecule_absente_hug,,,medium,conserver_CBIP_flag_source_unique
pirfénidone,pirfenidone,voie_cbip_seule,substrat,CYP1A2,medium,conserver_CBIP_confidence_medium
pitolisant,pitolisant,molecule_absente_hug,,,medium,conserver_CBIP_flag_source_unique
pitolisant,pitolisant,voie_cbip_seule,substrat,CYP2D6,medium,conserver_CBIP_confidence_medium
pitolisant,pitolisant,voie_cbip_seule,substrat,CYP3A4/5,medium,conserver_CBIP_confidence_medium
pitolisant,pitolisant,voie_cbip_seule,inhibiteur,CYP2D6,medium,conserver_CBIP_confidence_medium
pitolisant,pitolisant,voie_cbip_seule,inducteur,CYP3A4/5,medium,conserver_CBIP_confidence_medium
pomalidomide,pomalidomide,molecule_absente_hug,,,medium,conserver_CBIP_flag_source_unique
pomalidomide,pomalidomide,voie_cbip_seule,substrat,CYP1A2,medium,conserver_CBIP_confidence_medium
pomalidomide,pomalidomide,voie_cbip_seule,substrat,Pgp,medium,conserver_CBIP_confidence_medium
pomélo,pomelo,molecule_absente_hug,,,medium,conserver_CBIP_flag_source_unique
pomélo,pomelo,voie_cbip_seule,inhibiteur,CYP3A4/5,medium,conserver_CBIP_confidence_medium
ponatinib,ponatinib,molecule_absente_hug,,,medium,conserver_CBIP_flag_source_unique
ponatinib,ponatinib,voie_cbip_seule,substrat,CYP3A4/5,medium,conserver_CBIP_confidence_medium
posaconazole,posaconazole,voie_hug_seule,inhibiteur,Pgp,medium,flag_review_HUG_pdf
pralsétinib,pralsetinib,molecule_absente_hug,,,medium,conserver_CBIP_flag_source_unique
pralsétinib,pralsetinib,voie_cbip_seule,substrat,Pgp,medium,conserver_CBIP_confidence_medium
prasugrel,prasugrel,molecule_absente_cbip,,,medium,conserver_HUG_flag_review
prasugrel,prasugrel,voie_hug_seule,substrat,CYP2B6,medium,flag_review_HUG_pdf
prasugrel,prasugrel,voie_hug_seule,substrat,CYP2C19,medium,flag_review_HUG_pdf
prasugrel,prasugrel,voie_hug_seule,substrat,CYP2C9,medium,flag_review_HUG_pdf
prasugrel,prasugrel,voie_hug_seule,substrat,CYP3A4/5,medium,flag_review_HUG_pdf
prasugrel,prasugrel,voie_hug_seule,substrat,Pgp,medium,flag_review_HUG_pdf
prasugrel,prasugrel,voie_hug_seule,inhibiteur,CYP2B6,medium,flag_review_HUG_pdf
prednisolone,prednisolone,voie_hug_seule,substrat,Pgp,medium,flag_review_HUG_pdf
prednisone,prednisone,molecule_absente_hug,,,medium,conserver_CBIP_flag_source_unique
prednisone,prednisone,voie_cbip_seule,substrat,CYP3A4/5,medium,conserver_CBIP_confidence_medium
prednisone,prednisone,voie_cbip_seule,substrat,Pgp,medium,conserver_CBIP_confidence_medium
primidone,primidone,voie_hug_seule,substrat,CYP2C19,medium,flag_review_HUG_pdf
primidone,primidone,voie_hug_seule,substrat,CYP2C9,medium,flag_review_HUG_pdf
primidone,primidone,voie_cbip_seule,inducteur,CYP1A2,low,conserver_CBIP_confidence_medium
primidone,primidone,voie_hug_seule,inducteur,CYP2B6,medium,flag_review_HUG_pdf
primidone,primidone,voie_hug_seule,inducteur,CYP2C19,medium,flag_review_HUG_pdf
primidone,primidone,voie_hug_seule,inducteur,Pgp,medium,flag_review_HUG_pdf
progestatifs,progestatifs,molecule_absente_hug,,,medium,conserver_CBIP_flag_source_unique
progestatifs,progestatifs,voie_cbip_seule,substrat,CYP3A4/5,medium,conserver_CBIP_confidence_medium
proguanil,proguanil,voie_hug_seule,substrat,CYP3A4/5,medium,flag_review_HUG_pdf
prométhazine,promethazine,voie_hug_seule,inhibiteur,CYP2D6,medium,flag_review_HUG_pdf
propafénone,propafenone,voie_hug_seule,substrat,CYP1A2,medium,flag_review_HUG_pdf
propafénone,propafenone,voie_hug_seule,substrat,CYP3A4/5,medium,flag_review_HUG_pdf
propafénone,propafenone,puissance_discordante,inhibiteur,Pgp,high,review_manuel_prioritaire
propofol,propofol,voie_hug_seule,substrat,CYP2C9,medium,flag_review_HUG_pdf
propranolol,propranolol,voie_hug_seule,substrat,CYP1A2,medium,flag_review_HUG_pdf
propranolol,propranolol,voie_hug_seule,substrat,CYP2C19,medium,flag_review_HUG_pdf
quétiapine,quetiapine,voie_hug_seule,substrat,CYP2D6,medium,flag_review_HUG_pdf
quétiapine,quetiapine,voie_hug_seule,inhibiteur,CYP1A2,medium,flag_review_HUG_pdf
quétiapine,quetiapine,voie_hug_seule,inhibiteur,CYP2C19,medium,flag_review_HUG_pdf
quétiapine,quetiapine,voie_hug_seule,inhibiteur,CYP2C9,medium,flag_review_HUG_pdf
quétiapine,quetiapine,voie_hug_seule,inhibiteur,CYP2D6,medium,flag_review_HUG_pdf
quétiapine,quetiapine,voie_hug_seule,inhibiteur,CYP3A4/5,medium,flag_review_HUG_pdf
quétiapine,quetiapine,voie_hug_seule,inhibiteur,Pgp,medium,flag_review_HUG_pdf
quinidine,quinidine,voie_hug_seule,substrat,Pgp,medium,flag_review_HUG_pdf
quinidine,quinidine,voie_hug_seule,inhibiteur,CYP2D6,medium,flag_review_HUG_pdf
quinidine,quinidine,voie_hug_seule,inhibiteur,Pgp,medium,flag_review_HUG_pdf
quinine,quinine,voie_hug_seule,substrat,Pgp,medium,flag_review_HUG_pdf
rabéprazole,rabeprazole,voie_hug_seule,substrat,CYP3A4/5,medium,flag_review_HUG_pdf
raltégravir,raltegravir,molecule_absente_hug,,,medium,conserver_CBIP_flag_source_unique
raltégravir,raltegravir,voie_cbip_seule,substrat,Pgp,medium,conserver_CBIP_confidence_medium
ranitidine,ranitidine,molecule_absente_cbip,,,medium,conserver_HUG_flag_review
ranitidine,ranitidine,voie_hug_seule,substrat,CYP1A2,medium,flag_review_HUG_pdf
ranitidine,ranitidine,voie_hug_seule,substrat,CYP2C19,medium,flag_review_HUG_pdf
ranitidine,ranitidine,voie_hug_seule,substrat,CYP2D6,medium,flag_review_HUG_pdf
ranitidine,ranitidine,voie_hug_seule,substrat,Pgp,medium,flag_review_HUG_pdf
ranolazine,ranolazine,molecule_absente_hug,,,medium,conserver_CBIP_flag_source_unique
ranolazine,ranolazine,voie_cbip_seule,substrat,CYP2D6,medium,conserver_CBIP_confidence_medium
ranolazine,ranolazine,voie_cbip_seule,substrat,CYP3A4/5,medium,conserver_CBIP_confidence_medium
ranolazine,ranolazine,voie_cbip_seule,substrat,Pgp,medium,conserver_CBIP_confidence_medium
ranolazine,ranolazine,voie_cbip_seule,inhibiteur,CYP2D6,medium,conserver_CBIP_confidence_medium
ranolazine,ranolazine,voie_cbip_seule,inhibiteur,CYP3A4/5,medium,conserver_CBIP_confidence_medium
ranolazine,ranolazine,voie_cbip_seule,inhibiteur,Pgp,medium,conserver_CBIP_confidence_medium
rasagiline,rasagiline,molecule_absente_hug,,,medium,conserver_CBIP_flag_source_unique
rasagiline,rasagiline,voie_cbip_seule,substrat,CYP1A2,medium,conserver_CBIP_confidence_medium
réglisse,reglisse,molecule_absente_cbip,,,medium,conserver_HUG_flag_review
réglisse,reglisse,voie_hug_seule,inhibiteur,CYP2B6,medium,flag_review_HUG_pdf
réglisse,reglisse,voie_hug_seule,inhibiteur,CYP3A4/5,medium,flag_review_HUG_pdf
régorafénib,regorafenib,molecule_absente_hug,,,medium,conserver_CBIP_flag_source_unique
régorafénib,regorafenib,voie_cbip_seule,substrat,CYP3A4/5,medium,conserver_CBIP_confidence_medium
rélugolix,relugolix,molecule_absente_hug,,,medium,conserver_CBIP_flag_source_unique
rélugolix,relugolix,voie_cbip_seule,substrat,Pgp,medium,conserver_CBIP_confidence_medium
remdésivir,remdesivir,molecule_absente_hug,,,medium,conserver_CBIP_flag_source_unique
remdésivir,remdesivir,voie_cbip_seule,substrat,CYP2C8,medium,conserver_CBIP_confidence_medium
remdésivir,remdesivir,voie_cbip_seule,substrat,CYP2D6,medium,conserver_CBIP_confidence_medium
remdésivir,remdesivir,voie_cbip_seule,substrat,CYP3A4/5,medium,conserver_CBIP_confidence_medium
remdésivir,remdesivir,voie_cbip_seule,substrat,Pgp,medium,conserver_CBIP_confidence_medium
répaglinide,repaglinide,voie_hug_seule,substrat,CYP3A4/5,medium,flag_review_HUG_pdf
répaglinide,repaglinide,voie_hug_seule,substrat,Pgp,medium,flag_review_HUG_pdf
ribociclib,ribociclib,molecule_absente_hug,,,medium,conserver_CBIP_flag_source_unique
ribociclib,ribociclib,voie_cbip_seule,substrat,CYP3A4/5,medium,conserver_CBIP_confidence_medium
ribociclib,ribociclib,voie_cbip_seule,inhibiteur,CYP3A4/5,medium,conserver_CBIP_confidence_medium
rifabutine,rifabutine,puissance_discordante,inducteur,CYP3A4/5,high,review_manuel_prioritaire
rifabutine,rifabutine,voie_hug_seule,inducteur,Pgp,medium,flag_review_HUG_pdf
rifampicine,rifampicine,voie_cbip_seule,substrat,Pgp,low,conserver_CBIP_confidence_medium
rifampicine,rifampicine,puissance_discordante,inducteur,CYP2C8,high,review_manuel_prioritaire
rifampicine,rifampicine,voie_cbip_seule,inducteur,CYP1A2,low,conserver_CBIP_confidence_medium
rifamycine,rifamycine,molecule_absente_hug,,,medium,conserver_CBIP_flag_source_unique
rifamycine,rifamycine,voie_cbip_seule,inducteur,CYP3A4/5,medium,conserver_CBIP_confidence_medium
rifaximine,rifaximine,molecule_absente_hug,,,medium,conserver_CBIP_flag_source_unique
rifaximine,rifaximine,voie_cbip_seule,substrat,CYP3A4/5,medium,conserver_CBIP_confidence_medium
rifaximine,rifaximine,voie_cbip_seule,substrat,Pgp,medium,conserver_CBIP_confidence_medium
rilpivirine,rilpivirine,voie_hug_seule,inhibiteur,Pgp,medium,flag_review_HUG_pdf
riluzole,riluzole,molecule_absente_hug,,,medium,conserver_CBIP_flag_source_unique
riluzole,riluzole,voie_cbip_seule,substrat,CYP1A2,medium,conserver_CBIP_confidence_medium
rimégépant,rimegepant,molecule_absente_hug,,,medium,conserver_CBIP_flag_source_unique
rimégépant,rimegepant,voie_cbip_seule,substrat,CYP3A4/5,medium,conserver_CBIP_confidence_medium
rimégépant,rimegepant,voie_cbip_seule,substrat,Pgp,medium,conserver_CBIP_confidence_medium
riociguat,riociguat,molecule_absente_hug,,,medium,conserver_CBIP_flag_source_unique
riociguat,riociguat,voie_cbip_seule,substrat,CYP2C8,medium,conserver_CBIP_confidence_medium
riociguat,riociguat,voie_cbip_seule,substrat,CYP3A4/5,medium,conserver_CBIP_confidence_medium
riociguat,riociguat,voie_cbip_seule,substrat,Pgp,medium,conserver_CBIP_confidence_medium
riprétinib,ripretinib,molecule_absente_hug,,,medium,conserver_CBIP_flag_source_unique
riprétinib,ripretinib,voie_cbip_seule,substrat,CYP3A4/5,medium,conserver_CBIP_confidence_medium
riprétinib,ripretinib,voie_cbip_seule,substrat,Pgp,medium,conserver_CBIP_confidence_medium
rispéridone,risperidone,voie_hug_seule,inhibiteur,CYP2D6,medium,flag_review_HUG_pdf
rispéridone,risperidone,voie_hug_seule,inhibiteur,Pgp,medium,flag_review_HUG_pdf
ritlécitinib,ritlecitinib,molecule_absente_hug,,,medium,conserver_CBIP_flag_source_unique
ritlécitinib,ritlecitinib,voie_cbip_seule,inhibiteur,CYP1A2,medium,conserver_CBIP_confidence_medium
ritlécitinib,ritlecitinib,voie_cbip_seule,inhibiteur,CYP3A4/5,medium,conserver_CBIP_confidence_medium
ritonavir,ritonavir,voie_hug_seule,substrat,CYP2D6,medium,flag_review_HUG_pdf
ritonavir,ritonavir,voie_hug_seule,inducteur,CYP1A2,medium,flag_review_HUG_pdf
ritonavir,ritonavir,voie_hug_seule,inducteur,CYP2C19,medium,flag_review_HUG_pdf
ropinirole,ropinirole,molecule_absente_hug,,,medium,conserver_CBIP_flag_source_unique
ropinirole,ropinirole,voie_cbip_seule,substrat,CYP1A2,medium,conserver_CBIP_confidence_medium
ropivacaïne,ropivacaine,molecule_absente_hug,,,medium,conserver_CBIP_flag_source_unique
ropivacaïne,ropivacaine,voie_cbip_seule,substrat,CYP1A2,medium,conserver_CBIP_confidence_medium
rosuvastatine,rosuvastatine,molecule_absente_hug,,,medium,conserver_CBIP_flag_source_unique
rosuvastatine,rosuvastatine,voie_cbip_seule,substrat,CYP2C9,medium,conserver_CBIP_confidence_medium
roxadustat,roxadustat,molecule_absente_hug,,,medium,conserver_CBIP_flag_source_unique
roxadustat,roxadustat,voie_cbip_seule,substrat,CYP2C8,medium,conserver_CBIP_confidence_medium
roxithromycine,roxithromycine,puissance_discordante,inhibiteur,CYP3A4/5,high,review_manuel_prioritaire
rucaparib,rucaparib,molecule_absente_hug,,,medium,conserver_CBIP_flag_source_unique
rucaparib,rucaparib,voie_cbip_seule,substrat,CYP1A2,medium,conserver_CBIP_confidence_medium
rucaparib,rucaparib,voie_cbip_seule,substrat,CYP2D6,medium,conserver_CBIP_confidence_medium
rucaparib,rucaparib,voie_cbip_seule,inhibiteur,CYP1A2,medium,conserver_CBIP_confidence_medium
rucaparib,rucaparib,voie_cbip_seule,inhibiteur,CYP2C19,medium,conserver_CBIP_confidence_medium
rucaparib,rucaparib,voie_cbip_seule,inhibiteur,CYP2C9,medium,conserver_CBIP_confidence_medium
rucaparib,rucaparib,voie_cbip_seule,inhibiteur,CYP3A4/5,medium,conserver_CBIP_confidence_medium
rucaparib,rucaparib,voie_cbip_seule,inhibiteur,Pgp,medium,conserver_CBIP_confidence_medium
rufinamide,rufinamide,molecule_absente_hug,,,medium,conserver_CBIP_flag_source_unique
rufinamide,rufinamide,voie_cbip_seule,inducteur,CYP3A4/5,medium,conserver_CBIP_confidence_medium
ruxolitinib,ruxolitinib,molecule_absente_hug,,,medium,conserver_CBIP_flag_source_unique
ruxolitinib,ruxolitinib,voie_cbip_seule,substrat,CYP3A4/5,medium,conserver_CBIP_confidence_medium
salmétérol,salmeterol,molecule_absente_hug,,,medium,conserver_CBIP_flag_source_unique
salmétérol,salmeterol,voie_cbip_seule,substrat,CYP3A4/5,medium,conserver_CBIP_confidence_medium
saquinavir,saquinavir,puissance_discordante,inhibiteur,CYP3A4/5,high,review_manuel_prioritaire
sélexipag,selexipag,molecule_absente_hug,,,medium,conserver_CBIP_flag_source_unique
sélexipag,selexipag,voie_cbip_seule,substrat,CYP2C8,medium,conserver_CBIP_confidence_medium
selpercatinib,selpercatinib,molecule_absente_hug,,,medium,conserver_CBIP_flag_source_unique
selpercatinib,selpercatinib,voie_cbip_seule,substrat,CYP3A4/5,medium,conserver_CBIP_confidence_medium
selpercatinib,selpercatinib,voie_cbip_seule,inhibiteur,CYP2C8,medium,conserver_CBIP_confidence_medium
selpercatinib,selpercatinib,voie_cbip_seule,inhibiteur,CYP3A4/5,medium,conserver_CBIP_confidence_medium
sélumétinib,selumetinib,molecule_absente_hug,,,medium,conserver_CBIP_flag_source_unique
sélumétinib,selumetinib,voie_cbip_seule,substrat,CYP3A4/5,medium,conserver_CBIP_confidence_medium
sertindole,sertindole,molecule_absente_hug,,,medium,conserver_CBIP_flag_source_unique
sertindole,sertindole,voie_cbip_seule,substrat,CYP2D6,medium,conserver_CBIP_confidence_medium
sertindole,sertindole,voie_cbip_seule,substrat,CYP3A4/5,medium,conserver_CBIP_confidence_medium
sertraline,sertraline,voie_hug_seule,substrat,CYP2B6,medium,flag_review_HUG_pdf
sertraline,sertraline,voie_hug_seule,substrat,CYP2C9,medium,flag_review_HUG_pdf
sertraline,sertraline,voie_hug_seule,substrat,CYP2D6,medium,flag_review_HUG_pdf
sertraline,sertraline,voie_hug_seule,substrat,CYP3A4/5,medium,flag_review_HUG_pdf
sertraline,sertraline,voie_hug_seule,inhibiteur,CYP1A2,medium,flag_review_HUG_pdf
sertraline,sertraline,voie_hug_seule,inhibiteur,CYP2B6,medium,flag_review_HUG_pdf
sertraline,sertraline,voie_hug_seule,inhibiteur,Pgp,medium,flag_review_HUG_pdf
sildénafil,sildenafil,voie_hug_seule,substrat,CYP2C9,medium,flag_review_HUG_pdf
sildénafil,sildenafil,voie_hug_seule,substrat,Pgp,medium,flag_review_HUG_pdf
silodosine,silodosine,molecule_absente_hug,,,medium,conserver_CBIP_flag_source_unique
silodosine,silodosine,voie_cbip_seule,substrat,CYP3A4/5,medium,conserver_CBIP_confidence_medium
silodosine,silodosine,voie_cbip_seule,substrat,Pgp,medium,conserver_CBIP_confidence_medium
sitagliptine,sitagliptine,molecule_absente_hug,,,medium,conserver_CBIP_flag_source_unique
sitagliptine,sitagliptine,voie_cbip_seule,substrat,CYP3A4/5,medium,conserver_CBIP_confidence_medium
sitagliptine,sitagliptine,voie_cbip_seule,substrat,Pgp,medium,conserver_CBIP_confidence_medium
solifénacine,solifenacine,molecule_absente_hug,,,medium,conserver_CBIP_flag_source_unique
solifénacine,solifenacine,voie_cbip_seule,substrat,CYP3A4/5,medium,conserver_CBIP_confidence_medium
sonidégib,sonidegib,molecule_absente_hug,,,medium,conserver_CBIP_flag_source_unique
sonidégib,sonidegib,voie_cbip_seule,substrat,CYP3A4/5,medium,conserver_CBIP_confidence_medium
sorafénib,sorafenib,voie_hug_seule,inhibiteur,CYP2C8,medium,flag_review_HUG_pdf
sorafénib,sorafenib,voie_hug_seule,inhibiteur,CYP2C9,medium,flag_review_HUG_pdf
sorafénib,sorafenib,voie_hug_seule,inhibiteur,CYP2D6,medium,flag_review_HUG_pdf
sorafénib,sorafenib,voie_hug_seule,inhibiteur,CYP3A4/5,medium,flag_review_HUG_pdf
stiripentol,stiripentol,molecule_absente_hug,,,medium,conserver_CBIP_flag_source_unique
stiripentol,stiripentol,voie_cbip_seule,inhibiteur,CYP1A2,medium,conserver_CBIP_confidence_medium
stiripentol,stiripentol,voie_cbip_seule,inhibiteur,CYP3A4/5,medium,conserver_CBIP_confidence_medium
sunitinib,sunitinib,voie_cbip_seule,substrat,Pgp,low,conserver_CBIP_confidence_medium
tabac (goudrons),tabac (goudrons),molecule_absente_cbip,,,medium,conserver_HUG_flag_review
tabac (goudrons),tabac (goudrons),voie_hug_seule,inducteur,CYP1A2,medium,flag_review_HUG_pdf
tabac (goudrons),tabac (goudrons),voie_hug_seule,inducteur,CYP2E1,medium,flag_review_HUG_pdf
talazoparib,talazoparib,molecule_absente_hug,,,medium,conserver_CBIP_flag_source_unique
talazoparib,talazoparib,voie_cbip_seule,substrat,Pgp,medium,conserver_CBIP_confidence_medium
tamoxifène,tamoxifene,voie_hug_seule,substrat,CYP2C9,medium,flag_review_HUG_pdf
tamoxifène,tamoxifene,voie_hug_seule,substrat,Pgp,medium,flag_review_HUG_pdf
tégafur,tegafur,molecule_absente_hug,,,medium,conserver_CBIP_flag_source_unique
tégafur,tegafur,voie_cbip_seule,inhibiteur,CYP2C9,medium,conserver_CBIP_confidence_medium
temsirolimus,temsirolimus,molecule_absente_hug,,,medium,conserver_CBIP_flag_source_unique
temsirolimus,temsirolimus,voie_cbip_seule,substrat,CYP3A4/5,medium,conserver_CBIP_confidence_medium
temsirolimus,temsirolimus,voie_cbip_seule,substrat,Pgp,medium,conserver_CBIP_confidence_medium
ténofovir,tenofovir,molecule_absente_hug,,,medium,conserver_CBIP_flag_source_unique
ténofovir,tenofovir,voie_cbip_seule,substrat,Pgp,medium,conserver_CBIP_confidence_medium
ténoxicam,tenoxicam,molecule_absente_cbip,,,medium,conserver_HUG_flag_review
ténoxicam,tenoxicam,voie_hug_seule,substrat,CYP2C9,medium,flag_review_HUG_pdf
tépotinib,tepotinib,molecule_absente_hug,,,medium,conserver_CBIP_flag_source_unique
tépotinib,tepotinib,voie_cbip_seule,substrat,Pgp,medium,conserver_CBIP_confidence_medium
tépotinib,tepotinib,voie_cbip_seule,inhibiteur,Pgp,medium,conserver_CBIP_confidence_medium
terbinafine,terbinafine,voie_hug_seule,substrat,CYP1A2,medium,flag_review_HUG_pdf
terbinafine,terbinafine,voie_hug_seule,substrat,CYP2C8,medium,flag_review_HUG_pdf
terbinafine,terbinafine,voie_hug_seule,substrat,CYP2C9,medium,flag_review_HUG_pdf
tériflunomide,teriflunomide,molecule_absente_hug,,,medium,conserver_CBIP_flag_source_unique
tériflunomide,teriflunomide,voie_cbip_seule,inhibiteur,CYP2C8,medium,conserver_CBIP_confidence_medium
tériflunomide,teriflunomide,voie_cbip_seule,inducteur,CYP1A2,medium,conserver_CBIP_confidence_medium
tétrabénazine,tetrabenazine,molecule_absente_hug,,,medium,conserver_CBIP_flag_source_unique
tétrabénazine,tetrabenazine,voie_cbip_seule,substrat,CYP2D6,medium,conserver_CBIP_confidence_medium
tetrahydrocannabinol,tetrahydrocannabinol,molecule_absente_hug,,,medium,conserver_CBIP_flag_source_unique
tetrahydrocannabinol,tetrahydrocannabinol,voie_cbip_seule,substrat,CYP2C9,medium,conserver_CBIP_confidence_medium
tezacaftor,tezacaftor,molecule_absente_hug,,,medium,conserver_CBIP_flag_source_unique
tezacaftor,tezacaftor,voie_cbip_seule,substrat,CYP3A4/5,medium,conserver_CBIP_confidence_medium
thalidomide,thalidomide,molecule_absente_hug,,,medium,conserver_CBIP_flag_source_unique
thalidomide,thalidomide,voie_cbip_seule,substrat,CYP2C19,medium,conserver_CBIP_confidence_medium
THC,thc,molecule_absente_cbip,,,medium,conserver_HUG_flag_review
THC,thc,voie_hug_seule,substrat,CYP2C9,medium,flag_review_HUG_pdf
THC,thc,voie_hug_seule,substrat,CYP3A4/5,medium,flag_review_HUG_pdf
THC,thc,voie_hug_seule,substrat,Pgp,medium,flag_review_HUG_pdf
théophylline,theophylline,voie_hug_seule,substrat,CYP2E1,medium,flag_review_HUG_pdf
thiotépa,thiotepa,molecule_absente_hug,,,medium,conserver_CBIP_flag_source_unique
thiotépa,thiotepa,voie_cbip_seule,substrat,CYP2B6,medium,conserver_CBIP_confidence_medium
thiotépa,thiotepa,voie_cbip_seule,substrat,CYP3A4/5,medium,conserver_CBIP_confidence_medium
tiagabine,tiagabine,molecule_absente_hug,,,medium,conserver_CBIP_flag_source_unique
tiagabine,tiagabine,voie_cbip_seule,substrat,CYP3A4/5,medium,conserver_CBIP_confidence_medium
ticagrélor,ticagrelor,voie_cbip_seule,inhibiteur,CYP3A4/5,low,conserver_CBIP_confidence_medium
ticagrélor,ticagrelor,voie_cbip_seule,inhibiteur,Pgp,low,conserver_CBIP_confidence_medium
ticlopidine,ticlopidine,molecule_absente_hug,,,medium,conserver_CBIP_flag_source_unique
ticlopidine,ticlopidine,voie_cbip_seule,substrat,CYP2C19,medium,conserver_CBIP_confidence_medium
ticlopidine,ticlopidine,voie_cbip_seule,substrat,CYP3A4/5,medium,conserver_CBIP_confidence_medium
ticlopidine,ticlopidine,voie_cbip_seule,inhibiteur,CYP1A2,medium,conserver_CBIP_confidence_medium
ticlopidine,ticlopidine,voie_cbip_seule,inhibiteur,CYP2B6,medium,conserver_CBIP_confidence_medium
ticlopidine,ticlopidine,voie_cbip_seule,inhibiteur,CYP2C19,medium,conserver_CBIP_confidence_medium
tinidazole,tinidazole,molecule_absente_hug,,,medium,conserver_CBIP_flag_source_unique
tinidazole,tinidazole,voie_cbip_seule,substrat,CYP3A4/5,medium,conserver_CBIP_confidence_medium
tipranavir,tipranavir,puissance_discordante,inhibiteur,CYP3A4/5,high,review_manuel_prioritaire
tipranavir,tipranavir,voie_hug_seule,inhibiteur,CYP1A2,medium,flag_review_HUG_pdf
tipranavir,tipranavir,voie_hug_seule,inhibiteur,CYP2C19,medium,flag_review_HUG_pdf
tipranavir,tipranavir,voie_hug_seule,inhibiteur,CYP2C9,medium,flag_review_HUG_pdf
tipranavir,tipranavir,voie_hug_seule,inhibiteur,CYP2D6,medium,flag_review_HUG_pdf
tipranavir,tipranavir,voie_hug_seule,inhibiteur,Pgp,medium,flag_review_HUG_pdf
tofacitinib,tofacitinib,molecule_absente_hug,,,medium,conserver_CBIP_flag_source_unique
tofacitinib,tofacitinib,voie_cbip_seule,substrat,CYP3A4/5,medium,conserver_CBIP_confidence_medium
tolbutamide,tolbutamide,molecule_absente_cbip,,,medium,conserver_HUG_flag_review
tolbutamide,tolbutamide,voie_hug_seule,substrat,CYP2C9,medium,flag_review_HUG_pdf
tolvaptan,tolvaptan,molecule_absente_hug,,,medium,conserver_CBIP_flag_source_unique
tolvaptan,tolvaptan,voie_cbip_seule,substrat,CYP3A4/5,medium,conserver_CBIP_confidence_medium
tolvaptan,tolvaptan,voie_cbip_seule,substrat,Pgp,medium,conserver_CBIP_confidence_medium
topiramate,topiramate,voie_cbip_seule,substrat,CYP3A4/5,low,conserver_CBIP_confidence_medium
topiramate,topiramate,voie_cbip_seule,inducteur,CYP3A4/5,low,conserver_CBIP_confidence_medium
topotécan,topotecan,molecule_absente_hug,,,medium,conserver_CBIP_flag_source_unique
topotécan,topotecan,voie_cbip_seule,substrat,Pgp,medium,conserver_CBIP_confidence_medium
trabectédine,trabectedine,molecule_absente_hug,,,medium,conserver_CBIP_flag_source_unique
trabectédine,trabectedine,voie_cbip_seule,substrat,CYP3A4/5,medium,conserver_CBIP_confidence_medium
trabectédine,trabectedine,voie_cbip_seule,substrat,Pgp,medium,conserver_CBIP_confidence_medium
tramadol,tramadol,voie_hug_seule,substrat,CYP3A4/5,medium,flag_review_HUG_pdf
trastuzumab emtansine,trastuzumab emtansine,molecule_absente_hug,,,medium,conserver_CBIP_flag_source_unique
trastuzumab emtansine,trastuzumab emtansine,voie_cbip_seule,substrat,CYP3A4/5,medium,conserver_CBIP_confidence_medium
trazodone,trazodone,voie_hug_seule,substrat,CYP2D6,medium,flag_review_HUG_pdf
tréprostinil,treprostinil,molecule_absente_hug,,,medium,conserver_CBIP_flag_source_unique
tréprostinil,treprostinil,voie_cbip_seule,substrat,CYP2C8,medium,conserver_CBIP_confidence_medium
triamcinolone,triamcinolone,molecule_absente_hug,,,medium,conserver_CBIP_flag_source_unique
triamcinolone,triamcinolone,voie_cbip_seule,substrat,CYP3A4/5,medium,conserver_CBIP_confidence_medium
triméthoprime,trimethoprime,voie_cbip_seule,substrat,CYP2C19,low,conserver_CBIP_confidence_medium
triméthoprime,trimethoprime,voie_cbip_seule,substrat,CYP3A4/5,low,conserver_CBIP_confidence_medium
triméthoprime,trimethoprime,voie_hug_seule,substrat,Pgp,medium,flag_review_HUG_pdf
trimipramine,trimipramine,molecule_absente_cbip,,,medium,conserver_HUG_flag_review
trimipramine,trimipramine,voie_hug_seule,substrat,CYP2C19,medium,flag_review_HUG_pdf
trimipramine,trimipramine,voie_hug_seule,substrat,CYP2C9,medium,flag_review_HUG_pdf
trimipramine,trimipramine,voie_hug_seule,substrat,CYP2D6,medium,flag_review_HUG_pdf
trimipramine,trimipramine,voie_hug_seule,substrat,Pgp,medium,flag_review_HUG_pdf
tropisétron,tropisetron,molecule_absente_cbip,,,medium,conserver_HUG_flag_review
tropisétron,tropisetron,voie_hug_seule,substrat,CYP2D6,medium,flag_review_HUG_pdf
tropisétron,tropisetron,voie_hug_seule,substrat,CYP3A4/5,medium,flag_review_HUG_pdf
tucatinib,tucatinib,molecule_absente_hug,,,medium,conserver_CBIP_flag_source_unique
tucatinib,tucatinib,voie_cbip_seule,substrat,CYP2C8,medium,conserver_CBIP_confidence_medium
tucatinib,tucatinib,voie_cbip_seule,substrat,CYP3A4/5,medium,conserver_CBIP_confidence_medium
tucatinib,tucatinib,voie_cbip_seule,substrat,Pgp,medium,conserver_CBIP_confidence_medium
tucatinib,tucatinib,voie_cbip_seule,inhibiteur,CYP3A4/5,medium,conserver_CBIP_confidence_medium
tucatinib,tucatinib,voie_cbip_seule,inhibiteur,Pgp,medium,conserver_CBIP_confidence_medium
ulipristal,ulipristal,molecule_absente_hug,,,medium,conserver_CBIP_flag_source_unique
ulipristal,ulipristal,voie_cbip_seule,substrat,CYP3A4/5,medium,conserver_CBIP_confidence_medium
uméclidinium,umeclidinium,molecule_absente_hug,,,medium,conserver_CBIP_flag_source_unique
uméclidinium,umeclidinium,voie_cbip_seule,substrat,Pgp,medium,conserver_CBIP_confidence_medium
upadacitinib,upadacitinib,molecule_absente_hug,,,medium,conserver_CBIP_flag_source_unique
upadacitinib,upadacitinib,voie_cbip_seule,substrat,CYP3A4/5,medium,conserver_CBIP_confidence_medium
valsartan,valsartan,molecule_absente_hug,,,medium,conserver_CBIP_flag_source_unique
valsartan,valsartan,voie_cbip_seule,substrat,CYP2C9,medium,conserver_CBIP_confidence_medium
vandétanib,vandetanib,molecule_absente_hug,,,medium,conserver_CBIP_flag_source_unique
vandétanib,vandetanib,voie_cbip_seule,substrat,CYP3A4/5,medium,conserver_CBIP_confidence_medium
vandétanib,vandetanib,voie_cbip_seule,inhibiteur,Pgp,medium,conserver_CBIP_confidence_medium
vardénafil,vardenafil,voie_hug_seule,substrat,CYP2C9,medium,flag_review_HUG_pdf
velpatasvir,velpatasvir,voie_hug_seule,substrat,CYP2B6,medium,flag_review_HUG_pdf
velpatasvir,velpatasvir,voie_hug_seule,substrat,CYP2C8,medium,flag_review_HUG_pdf
vemurafenib,vemurafenib,molecule_absente_hug,,,medium,conserver_CBIP_flag_source_unique
vemurafenib,vemurafenib,voie_cbip_seule,substrat,CYP3A4/5,medium,conserver_CBIP_confidence_medium
vemurafenib,vemurafenib,voie_cbip_seule,inhibiteur,CYP1A2,medium,conserver_CBIP_confidence_medium
vemurafenib,vemurafenib,voie_cbip_seule,inhibiteur,CYP2D6,medium,conserver_CBIP_confidence_medium
vemurafenib,vemurafenib,voie_cbip_seule,inducteur,CYP3A4/5,medium,conserver_CBIP_confidence_medium
vénétoclax,venetoclax,molecule_absente_hug,,,medium,conserver_CBIP_flag_source_unique
vénétoclax,venetoclax,voie_cbip_seule,substrat,CYP3A4/5,medium,conserver_CBIP_confidence_medium
vénétoclax,venetoclax,voie_cbip_seule,substrat,Pgp,medium,conserver_CBIP_confidence_medium
vénétoclax,venetoclax,voie_cbip_seule,inhibiteur,Pgp,medium,conserver_CBIP_confidence_medium
venlafaxine,venlafaxine,voie_hug_seule,substrat,CYP3A4/5,medium,flag_review_HUG_pdf
vérapamil,verapamil,voie_hug_seule,substrat,CYP1A2,medium,flag_review_HUG_pdf
vérapamil,verapamil,voie_hug_seule,substrat,CYP2C8,medium,flag_review_HUG_pdf
vérapamil,verapamil,voie_hug_seule,substrat,CYP2C9,medium,flag_review_HUG_pdf
vérapamil,verapamil,puissance_discordante,inhibiteur,CYP3A4/5,high,review_manuel_prioritaire
vérapamil,verapamil,voie_hug_seule,inhibiteur,CYP1A2,medium,flag_review_HUG_pdf
vibégron,vibegron,molecule_absente_hug,,,medium,conserver_CBIP_flag_source_unique
vibégron,vibegron,voie_cbip_seule,substrat,CYP3A4/5,medium,conserver_CBIP_confidence_medium
vibégron,vibegron,voie_cbip_seule,substrat,Pgp,medium,conserver_CBIP_confidence_medium
vibégron,vibegron,voie_cbip_seule,inhibiteur,Pgp,medium,conserver_CBIP_confidence_medium
vilantérol,vilanterol,molecule_absente_hug,,,medium,conserver_CBIP_flag_source_unique
vilantérol,vilanterol,voie_cbip_seule,substrat,CYP3A4/5,medium,conserver_CBIP_confidence_medium
vilantérol,vilanterol,voie_cbip_seule,substrat,Pgp,medium,conserver_CBIP_confidence_medium
vinblastine,vinblastine,voie_hug_seule,inducteur,CYP3A4/5,medium,flag_review_HUG_pdf
vinblastine,vinblastine,voie_hug_seule,inducteur,Pgp,medium,flag_review_HUG_pdf
vindésine,vindesine,molecule_absente_hug,,,medium,conserver_CBIP_flag_source_unique
vindésine,vindesine,voie_cbip_seule,substrat,CYP3A4/5,medium,conserver_CBIP_confidence_medium
vinorelbine,vinorelbine,molecule_absente_hug,,,medium,conserver_CBIP_flag_source_unique
vinorelbine,vinorelbine,voie_cbip_seule,substrat,CYP3A4/5,medium,conserver_CBIP_confidence_medium
vinorelbine,vinorelbine,voie_cbip_seule,substrat,Pgp,medium,conserver_CBIP_confidence_medium
vismodégib,vismodegib,molecule_absente_hug,,,medium,conserver_CBIP_flag_source_unique
vismodégib,vismodegib,voie_cbip_seule,substrat,CYP2C9,medium,conserver_CBIP_confidence_medium
vismodégib,vismodegib,voie_cbip_seule,substrat,CYP3A4/5,medium,conserver_CBIP_confidence_medium
vismodégib,vismodegib,voie_cbip_seule,substrat,Pgp,medium,conserver_CBIP_confidence_medium
voclosporine,voclosporine,molecule_absente_hug,,,medium,conserver_CBIP_flag_source_unique
voclosporine,voclosporine,voie_cbip_seule,substrat,CYP3A4/5,medium,conserver_CBIP_confidence_medium
voclosporine,voclosporine,voie_cbip_seule,inhibiteur,Pgp,medium,conserver_CBIP_confidence_medium
voriconazole,voriconazole,voie_hug_seule,substrat,CYP2C9,medium,flag_review_HUG_pdf
voriconazole,voriconazole,puissance_discordante,inhibiteur,CYP2B6,high,review_manuel_prioritaire
vortioxétine,vortioxetine,molecule_absente_hug,,,medium,conserver_CBIP_flag_source_unique
vortioxétine,vortioxetine,voie_cbip_seule,substrat,CYP2D6,medium,conserver_CBIP_confidence_medium
voxilaprévir,voxilaprevir,molecule_absente_hug,,,medium,conserver_CBIP_flag_source_unique
voxilaprévir,voxilaprevir,voie_cbip_seule,substrat,CYP3A4/5,medium,conserver_CBIP_confidence_medium
voxilaprévir,voxilaprevir,voie_cbip_seule,substrat,Pgp,medium,conserver_CBIP_confidence_medium
voxilaprévir,voxilaprevir,voie_cbip_seule,inhibiteur,Pgp,medium,conserver_CBIP_confidence_medium
warfarine,warfarine,voie_hug_seule,substrat,CYP2C19,medium,flag_review_HUG_pdf
warfarine,warfarine,voie_hug_seule,substrat,CYP3A4/5,medium,flag_review_HUG_pdf
yohimbine,yohimbine,molecule_absente_hug,,,medium,conserver_CBIP_flag_source_unique
yohimbine,yohimbine,voie_cbip_seule,substrat,CYP2D6,medium,conserver_CBIP_confidence_medium
yohimbine,yohimbine,voie_cbip_seule,substrat,CYP3A4/5,medium,conserver_CBIP_confidence_medium
zanubritinib,zanubritinib,molecule_absente_hug,,,medium,conserver_CBIP_flag_source_unique
zanubritinib,zanubritinib,voie_cbip_seule,inducteur,CYP3A4/5,medium,conserver_CBIP_confidence_medium
zanubrutinib,zanubrutinib,molecule_absente_hug,,,medium,conserver_CBIP_flag_source_unique
zanubrutinib,zanubrutinib,voie_cbip_seule,substrat,CYP3A4/5,medium,conserver_CBIP_confidence_medium
zolmitriptan,zolmitriptan,voie_hug_seule,substrat,Pgp,medium,flag_review_HUG_pdf
zolpidem,zolpidem,voie_hug_seule,substrat,CYP1A2,medium,flag_review_HUG_pdf
zolpidem,zolpidem,voie_hug_seule,substrat,CYP2C19,medium,flag_review_HUG_pdf
zolpidem,zolpidem,voie_hug_seule,substrat,CYP2C9,medium,flag_review_HUG_pdf
zolpidem,zolpidem,voie_hug_seule,substrat,CYP2D6,medium,flag_review_HUG_pdf
zonisamide,zonisamide,molecule_absente_hug,,,medium,conserver_CBIP_flag_source_unique
zonisamide,zonisamide,voie_cbip_seule,substrat,CYP2C19,medium,conserver_CBIP_confidence_medium
zonisamide,zonisamide,voie_cbip_seule,substrat,CYP3A4/5,medium,conserver_CBIP_confidence_medium
zuclopenthixol,zuclopenthixol,molecule_absente_cbip,,,medium,conserver_HUG_flag_review
zuclopenthixol,zuclopenthixol,voie_hug_seule,substrat,CYP2D6,medium,flag_review_HUG_pdf
zuclopenthixol,zuclopenthixol,voie_hug_seule,substrat,CYP3A4/5,medium,flag_review_HUG_pdf
